dteday,season,yr,mnth,holiday,weekday,workingday,weathersit,temp,atemp,hum,windspeed,cnt,h00,h01,h02,h03,h04,h05,h06,h07,h08,h09,h10,h11,h12,h13,h14,h15,h16,h17,h18,h19,h20,h21,h22,h23
2011-01-01,1,0,1,0,6,0,2,0.344167,0.363625,0.805833,0.160446,985,16,40,32,13,1,1,2,3,8,14,36,56,84,94,106,110,93,67,35,37,36,34,28,39
2011-01-02,1,0,1,0,0,0,2,0.363478,0.353739,0.696087,0.248539,801,17,17,9,6,3,0,2,1,8,20,53,70,93,75,59,74,76,65,53,30,22,31,9,8
2011-01-03,1,0,1,0,1,1,1,0.196364,0.189405,0.437273,0.248309,1349,5,2,0,0,1,3,30,64,154,88,44,51,61,61,77,72,76,157,157,110,52,52,20,12
2011-01-04,1,0,1,0,2,1,1,0.2,0.212122,0.590435,0.160296,1562,5,2,1,0,2,4,36,94,179,100,42,57,78,97,63,65,83,212,182,112,54,48,35,11
2011-01-05,1,0,1,0,3,1,1,0.226957,0.22927,0.436957,0.1869,1600,6,6,2,0,2,3,33,88,195,115,57,46,79,71,62,62,89,190,169,132,89,43,42,19
2011-01-06,1,0,1,0,4,1,1,0.204348,0.233209,0.518261,0.0895652,1606,11,4,2,0,1,4,36,95,219,122,45,59,84,67,70,62,86,172,163,112,69,48,52,23
2011-01-07,1,0,1,0,5,1,2,0.196522,0.208839,0.498696,0.168726,1510,17,7,1,0,1,5,34,84,210,134,63,67,59,73,50,72,87,187,123,95,51,39,36,15
2011-01-08,1,0,1,0,6,0,2,0.165,0.162254,0.535833,0.266804,959,25,16,16,7,1,5,2,9,15,20,61,62,98,102,95,74,76,69,55,30,28,37,34,22
2011-01-09,1,0,1,0,0,0,1,0.138333,0.116175,0.434167,0.36195,822,25,12,11,4,1,1,1,6,10,19,49,49,83,75,72,82,92,62,48,41,38,20,15,6
2011-01-10,1,0,1,0,1,1,1,0.150833,0.150888,0.482917,0.223267,1321,5,1,3,1,3,3,31,77,188,94,31,30,52,54,47,45,74,178,155,95,74,38,24,18
2011-01-11,1,0,1,0,2,1,2,0.169091,0.191464,0.686364,0.122132,1263,12,3,3,0,0,6,27,99,217,130,54,35,57,52,63,47,76,136,95,51,32,20,29,19
2011-01-12,1,0,1,0,3,1,1,0.172727,0.160473,0.599545,0.304627,1162,7,6,1,0,0,5,16,54,128,81,39,35,55,49,44,49,68,139,137,83,56,57,33,20
2011-01-13,1,0,1,0,4,1,1,0.165,0.150883,0.470417,0.301,1406,7,2,2,3,4,3,28,72,202,139,38,37,52,83,42,60,78,162,144,99,64,40,30,15
2011-01-14,1,0,1,0,5,1,1,0.16087,0.188413,0.537826,0.126548,1421,14,5,1,1,0,8,17,70,158,117,44,53,61,77,64,68,90,159,139,92,68,52,36,27
2011-01-15,1,0,1,0,6,0,2,0.233333,0.248112,0.49875,0.157963,1248,28,20,12,8,5,1,3,10,23,33,59,72,89,101,118,129,128,83,84,74,41,57,26,44
2011-01-16,1,0,1,0,0,0,1,0.231667,0.234217,0.48375,0.188433,1204,39,23,16,15,1,2,1,3,18,32,79,93,104,118,91,113,99,105,67,61,57,28,21,18
2011-01-17,1,0,1,1,1,0,2,0.175833,0.176771,0.5375,0.194017,1000,17,16,8,2,3,1,5,13,33,47,57,64,80,93,86,93,82,71,92,60,33,27,13,4
2011-01-18,1,0,1,0,2,1,2,0.216667,0.232333,0.861667,0.146775,683,0,0,0,0,0,0,0,0,0,0,0,0,3,22,28,35,61,125,133,99,83,41,33,20
2011-01-19,1,0,1,0,3,1,2,0.292174,0.298422,0.741739,0.208317,1650,3,7,3,0,2,7,32,90,197,109,47,52,70,78,75,82,104,197,161,112,76,59,59,28
2011-01-20,1,0,1,0,4,1,2,0.261667,0.25505,0.538333,0.195904,1927,13,5,2,1,1,6,35,101,249,143,57,68,84,98,81,70,91,215,185,152,126,57,56,31
2011-01-21,1,0,1,0,5,1,1,0.1775,0.157833,0.457083,0.353242,1543,21,6,2,1,1,5,27,68,217,166,63,59,78,73,62,65,97,161,120,96,53,41,34,27
2011-01-22,1,0,1,0,6,0,1,0.0591304,0.0790696,0.4,0.17197,981,13,12,11,7,3,0,2,8,27,40,53,63,70,84,75,103,83,67,54,59,45,39,30,33
2011-01-23,1,0,1,0,0,0,1,0.0965217,0.0988391,0.436522,0.2466,986,22,13,18,5,0,3,1,2,19,28,58,99,116,87,110,77,65,55,49,50,35,25,28,21
2011-01-24,1,0,1,0,1,1,1,0.0973913,0.11793,0.491739,0.15833,1416,7,1,0,1,1,5,15,84,177,102,40,46,63,60,45,57,70,184,153,106,81,59,35,24
2011-01-25,1,0,1,0,2,1,2,0.223478,0.234526,0.616957,0.129796,1985,9,5,2,0,1,9,36,108,238,144,55,61,106,93,68,84,116,222,225,146,119,45,53,40
2011-01-26,1,0,1,0,3,1,3,0.2175,0.2036,0.8625,0.29385,506,17,5,10,0,0,1,8,30,72,58,28,41,48,47,36,43,36,26,0,0,0,0,0,0
2011-01-27,1,0,1,0,4,1,1,0.195,0.2197,0.6875,0.113837,431,0,0,0,0,0,0,0,0,0,0,0,0,0,0,0,0,24,84,104,79,59,38,27,16
2011-01-28,1,0,1,0,5,1,2,0.203478,0.223317,0.793043,0.1233,1167,9,3,2,1,0,4,16,60,157,101,49,30,29,31,38,41,80,149,109,89,62,58,26,23
2011-01-29,1,0,1,0,6,0,1,0.196522,0.212126,0.651739,0.145365,1098,28,20,15,8,3,0,2,5,34,34,55,64,78,65,99,120,107,91,68,58,43,36,32,33
2011-01-30,1,0,1,0,0,0,1,0.216522,0.250322,0.722174,0.0739826,1096,33,29,11,8,1,3,0,3,12,38,64,59,97,84,122,109,123,77,65,55,33,28,21,21
2011-01-31,1,0,1,0,1,1,2,0.180833,0.18625,0.60375,0.187192,1501,7,7,1,2,2,8,37,72,185,112,69,48,68,54,86,44,86,161,156,111,78,56,34,17
2011-02-01,1,0,2,0,2,1,2,0.192174,0.23453,0.829565,0.053213,1360,8,3,2,2,0,3,22,52,135,116,47,51,55,52,54,52,64,176,168,108,74,64,36,16
2011-02-02,1,0,2,0,3,1,2,0.26,0.254417,0.775417,0.264308,1526,2,3,4,1,1,3,18,49,155,123,61,52,64,75,63,76,103,190,182,91,75,63,40,32
2011-02-03,1,0,2,0,4,1,1,0.186957,0.177878,0.437826,0.277752,1550,12,5,2,1,0,2,39,87,188,133,52,64,69,51,47,60,78,175,147,96,109,54,41,38
2011-02-04,1,0,2,0,5,1,2,0.211304,0.228587,0.585217,0.127839,1708,13,7,1,1,0,7,28,87,220,127,51,64,86,82,91,90,99,205,155,103,71,43,46,31
2011-02-05,1,0,2,0,6,0,2,0.233333,0.243058,0.929167,0.161079,1005,39,18,17,11,8,9,4,4,10,20,34,47,52,72,55,60,71,78,83,84,69,56,45,59
2011-02-06,1,0,2,0,0,0,1,0.285833,0.291671,0.568333,0.1418,1623,39,44,20,13,2,1,1,8,23,45,89,117,174,182,161,182,157,121,78,21,26,27,62,30
2011-02-07,1,0,2,0,1,1,1,0.271667,0.303658,0.738333,0.0454083,1712,15,5,3,1,2,10,30,95,230,118,55,47,66,64,60,50,114,216,175,128,88,78,37,25
2011-02-08,1,0,2,0,2,1,1,0.220833,0.198246,0.537917,0.36195,1530,10,4,2,1,3,2,39,100,243,135,48,50,65,50,64,51,83,176,152,101,56,54,29,12
2011-02-09,1,0,2,0,3,1,2,0.134783,0.144283,0.494783,0.188839,1605,17,7,3,2,0,7,43,99,199,123,59,41,61,69,58,64,79,166,170,88,84,83,46,37
2011-02-10,1,0,2,0,4,1,1,0.144348,0.149548,0.437391,0.221935,1538,16,7,3,0,1,6,26,99,178,122,35,45,69,62,48,50,80,165,160,112,97,72,51,34
2011-02-11,1,0,2,0,5,1,1,0.189091,0.213509,0.506364,0.10855,1746,14,7,3,0,0,4,24,74,216,140,44,64,71,110,84,74,125,211,174,101,63,47,43,53
2011-02-12,1,0,2,0,6,0,1,0.2225,0.232954,0.544167,0.203367,1472,30,24,15,10,4,1,2,11,30,43,84,114,120,135,120,174,145,137,64,41,40,51,45,32
2011-02-13,1,0,2,0,0,0,1,0.316522,0.324113,0.457391,0.260883,1589,39,24,20,12,2,0,5,3,12,47,105,112,152,154,161,162,134,125,95,61,47,51,36,30
2011-02-14,1,0,2,0,1,1,1,0.415,0.39835,0.375833,0.417908,1913,11,7,2,2,2,3,26,98,256,130,55,53,126,120,90,90,118,243,205,98,70,43,45,20
2011-02-15,1,0,2,0,2,1,1,0.266087,0.254274,0.314348,0.291374,1815,19,5,3,0,1,4,30,105,223,110,52,57,71,82,79,85,98,206,212,145,101,66,41,20
2011-02-16,1,0,2,0,3,1,1,0.318261,0.3162,0.423478,0.251791,2115,15,9,0,1,1,5,33,108,230,124,69,66,86,93,82,117,122,255,222,161,118,92,73,33
2011-02-17,1,0,2,0,4,1,1,0.435833,0.428658,0.505,0.230104,2475,17,6,6,4,4,12,47,126,285,179,88,90,101,123,81,106,146,274,222,175,139,124,76,44
2011-02-18,1,0,2,0,5,1,1,0.521667,0.511983,0.516667,0.264925,2927,32,8,7,8,1,7,50,116,272,169,95,113,185,176,191,172,232,327,224,162,124,72,107,77
2011-02-19,1,0,2,0,6,0,1,0.399167,0.391404,0.187917,0.507463,1635,29,31,17,7,3,3,6,22,45,55,106,123,119,155,196,171,120,127,88,59,47,33,44,29
2011-02-20,1,0,2,0,0,0,1,0.285217,0.27733,0.407826,0.223235,1812,17,16,17,18,1,0,2,2,24,55,104,161,182,198,212,168,147,146,101,42,42,56,47,54
2011-02-21,1,0,2,1,1,0,2,0.303333,0.284075,0.605,0.307846,1107,37,13,4,5,1,3,8,19,63,57,81,90,93,103,116,87,56,80,66,49,29,34,11,2
2011-02-22,1,0,2,0,2,1,1,0.182222,0.186033,0.577778,0.195683,1450,0,0,0,0,0,0,7,40,114,106,44,50,55,55,58,69,86,196,167,118,105,82,77,21
2011-02-23,1,0,2,0,3,1,1,0.221739,0.245717,0.423043,0.094113,1917,6,4,1,2,0,8,36,96,235,139,51,69,67,87,78,72,94,222,209,141,109,91,61,39
2011-02-24,1,0,2,0,4,1,2,0.295652,0.289191,0.697391,0.250496,1807,11,7,4,2,0,4,58,104,252,137,57,79,95,88,69,63,71,177,137,115,89,83,55,50
2011-02-25,1,0,2,0,5,1,2,0.364348,0.350461,0.712174,0.346539,1461,9,10,3,2,0,6,11,35,73,114,49,59,115,83,85,55,102,189,157,90,62,63,50,39
2011-02-26,1,0,2,0,6,0,1,0.2825,0.282192,0.537917,0.186571,1969,28,27,12,8,2,10,7,22,57,74,85,126,160,174,211,165,171,183,137,94,68,68,46,34
2011-02-27,1,0,2,0,0,0,1,0.343478,0.351109,0.68,0.125248,2402,34,37,22,11,2,0,3,14,35,59,103,125,193,259,282,261,268,187,127,102,81,69,69,59
2011-02-28,1,0,2,0,1,1,2,0.407273,0.400118,0.876364,0.289686,1446,30,8,0,1,0,5,28,92,255,142,92,87,36,32,25,35,42,79,131,80,45,80,76,45
2011-03-01,1,0,3,0,2,1,1,0.266667,0.263879,0.535,0.216425,1851,7,3,4,2,1,2,46,107,214,124,68,56,86,78,79,64,102,242,224,119,88,63,47,25
2011-03-02,1,0,3,0,3,1,1,0.335,0.320071,0.449583,0.307833,2134,8,4,2,4,1,5,40,110,256,148,76,73,82,125,96,110,139,268,201,150,95,71,48,22
2011-03-03,1,0,3,0,4,1,1,0.198333,0.200133,0.318333,0.225754,1685,13,1,3,1,1,8,35,111,220,145,56,50,72,80,78,68,71,202,167,106,70,51,53,23
2011-03-04,1,0,3,0,5,1,2,0.261667,0.255679,0.610417,0.203346,1944,12,4,2,1,1,7,29,83,228,150,66,89,97,87,95,106,118,228,187,107,87,70,44,46
2011-03-05,1,0,3,0,6,0,2,0.384167,0.378779,0.789167,0.251871,2077,19,25,20,2,1,3,4,15,45,63,103,159,167,190,198,205,204,164,152,89,70,72,63,44
2011-03-06,1,0,3,0,0,0,2,0.376522,0.366252,0.948261,0.343287,605,52,39,32,11,3,0,2,5,9,22,31,62,79,105,39,7,11,25,23,11,11,7,10,9
2011-03-07,1,0,3,0,1,1,1,0.261739,0.238461,0.551304,0.341352,1872,4,2,0,1,1,1,34,91,211,134,58,60,96,70,77,96,122,233,233,145,92,54,35,22
2011-03-08,1,0,3,0,2,1,1,0.2925,0.3024,0.420833,0.12065,2133,10,4,1,7,2,10,45,128,257,151,71,78,99,98,72,112,108,248,235,150,76,75,55,41
2011-03-09,1,0,3,0,3,1,2,0.295833,0.286608,0.775417,0.22015,1891,9,4,2,3,2,8,49,141,249,141,57,59,98,99,71,79,112,194,188,134,91,62,21,18
2011-03-10,1,0,3,0,4,1,3,0.389091,0.385668,0,0.261877,623,3,2,1,0,0,3,12,37,44,24,17,11,34,12,12,14,21,111,82,56,38,28,34,27
2011-03-11,1,0,3,0,5,1,2,0.316522,0.305,0.649565,0.23297,1977,6,8,5,2,0,7,32,114,259,156,78,81,111,107,89,85,113,223,153,118,76,53,64,37
2011-03-12,1,0,3,0,6,0,1,0.329167,0.32575,0.594583,0.220775,2132,34,18,14,7,1,2,4,23,53,101,99,119,158,157,166,182,244,213,145,112,86,82,63,49
2011-03-13,1,0,3,0,0,0,1,0.384348,0.380091,0.527391,0.270604,2417,38,33,0,23,13,3,2,10,34,44,122,181,194,221,250,304,256,241,147,101,77,58,37,28
2011-03-14,1,0,3,0,1,1,1,0.325217,0.332,0.496957,0.136926,2046,11,1,1,3,0,8,28,88,241,140,84,71,94,75,79,101,107,271,235,150,129,63,47,19
2011-03-15,1,0,3,0,2,1,2,0.317391,0.318178,0.655652,0.184309,2056,14,10,3,0,2,11,35,119,282,157,78,78,102,97,88,90,114,217,225,152,88,55,21,18
2011-03-16,1,0,3,0,3,1,2,0.365217,0.36693,0.776522,0.203117,2192,8,3,0,3,1,3,31,111,253,154,68,75,88,99,100,101,151,253,237,168,121,78,59,27
2011-03-17,1,0,3,0,4,1,1,0.415,0.410333,0.602917,0.209579,2744,23,12,8,2,3,13,51,140,299,185,78,86,105,111,119,125,142,313,310,207,137,138,87,50
2011-03-18,1,0,3,0,5,1,1,0.54,0.527009,0.525217,0.231017,3239,29,16,14,5,0,10,36,123,280,210,117,159,195,175,174,173,204,332,331,190,149,113,118,86
2011-03-19,1,0,3,0,6,0,1,0.4725,0.466525,0.379167,0.368167,3117,76,51,25,8,3,2,10,13,48,76,140,196,267,301,312,313,304,278,217,154,108,93,72,50
2011-03-20,1,0,3,0,0,0,1,0.3325,0.32575,0.47375,0.207721,2471,40,24,30,12,3,9,4,14,37,78,136,203,228,203,279,308,224,226,156,79,67,49,38,24
2011-03-21,2,0,3,0,1,1,2,0.430435,0.409735,0.737391,0.288783,2077,13,7,6,1,0,2,32,18,98,127,62,79,81,112,101,107,141,272,276,221,122,91,78,30
2011-03-22,2,0,3,0,2,1,1,0.441667,0.440642,0.624583,0.22575,2703,11,19,1,5,1,12,60,136,336,178,124,86,121,106,101,134,165,307,312,164,135,87,70,32
2011-03-23,2,0,3,0,3,1,2,0.346957,0.337939,0.839565,0.234261,2121,11,7,2,3,0,10,44,118,261,182,75,71,87,108,84,85,136,273,238,159,75,22,44,26
2011-03-24,2,0,3,0,4,1,2,0.285,0.270833,0.805833,0.243787,1865,11,3,6,1,1,9,41,108,124,97,65,71,94,101,83,90,84,233,214,138,118,78,62,33
2011-03-25,2,0,3,0,5,1,1,0.264167,0.256312,0.495,0.230725,2210,18,5,5,2,5,9,32,104,237,166,68,75,145,138,133,122,150,225,198,135,81,75,43,39
2011-03-26,2,0,3,0,6,0,1,0.265833,0.257571,0.394167,0.209571,2496,28,27,25,9,6,8,10,41,66,100,125,168,227,239,216,219,248,203,153,138,85,51,63,41
2011-03-27,2,0,3,0,0,0,2,0.253043,0.250339,0.493913,0.1843,1693,31,20,21,14,6,0,2,7,14,54,86,108,163,147,164,172,143,159,137,103,57,36,30,19
2011-03-28,2,0,3,0,1,1,1,0.264348,0.257574,0.302174,0.212204,2028,12,6,5,2,0,8,40,110,254,121,69,57,79,83,80,72,132,252,241,173,112,61,40,19
2011-03-29,2,0,3,0,2,1,1,0.3025,0.292908,0.314167,0.226996,2425,16,4,3,3,2,8,50,133,287,172,59,81,106,104,86,87,136,299,294,190,132,83,55,35
2011-03-30,2,0,3,0,3,1,2,0.3,0.29735,0.646667,0.172888,1536,11,10,4,4,1,7,48,136,263,154,64,90,80,98,80,70,36,116,85,72,44,27,24,12
2011-03-31,2,0,3,0,4,1,3,0.268333,0.257575,0.918333,0.217646,1685,3,5,5,1,2,8,36,92,192,132,69,58,90,68,76,65,85,168,177,130,85,60,51,27
2011-04-01,2,0,4,0,5,1,2,0.3,0.283454,0.68625,0.258708,2227,6,4,7,4,3,12,28,95,206,173,75,89,95,110,87,111,167,281,241,136,77,93,74,53
2011-04-02,2,0,4,0,6,0,2,0.315,0.315637,0.65375,0.197146,2252,32,32,21,9,5,5,12,18,55,87,154,198,184,137,190,136,196,184,179,148,85,77,55,53
2011-04-03,2,0,4,0,0,0,1,0.378333,0.378767,0.48,0.182213,3249,39,34,24,11,3,5,33,33,62,142,215,243,313,367,349,292,303,274,172,144,79,45,36,31
2011-04-04,2,0,4,0,1,1,1,0.573333,0.542929,0.42625,0.385571,3115,6,11,2,1,2,7,46,157,339,158,90,124,157,139,123,143,189,366,386,278,173,95,75,48
2011-04-05,2,0,4,0,2,1,2,0.414167,0.39835,0.642083,0.388067,1795,22,15,5,4,2,5,38,134,157,46,28,19,38,56,76,68,130,273,267,160,91,89,46,26
2011-04-06,2,0,4,0,3,1,1,0.390833,0.387608,0.470833,0.263063,2808,15,2,5,4,1,13,56,133,325,165,69,93,134,112,115,117,169,356,325,232,141,102,84,40
2011-04-07,2,0,4,0,4,1,1,0.4375,0.433696,0.602917,0.162312,3141,20,13,7,3,1,6,64,160,314,170,95,122,153,135,157,160,213,343,333,226,203,108,81,54
2011-04-08,2,0,4,0,5,1,2,0.335833,0.324479,0.83625,0.226992,1471,25,9,13,1,1,9,35,113,221,185,73,98,80,42,15,25,60,148,62,53,63,54,51,35
2011-04-09,2,0,4,0,6,0,2,0.3425,0.341529,0.8775,0.133083,2455,31,20,17,14,3,5,13,21,54,98,133,142,202,222,212,201,191,257,177,130,93,75,87,57
2011-04-10,2,0,4,0,0,0,2,0.426667,0.426737,0.8575,0.146767,2895,53,37,36,16,5,4,4,10,55,81,150,202,230,263,281,297,288,236,240,131,92,95,57,32
2011-04-11,2,0,4,0,1,1,2,0.595652,0.565217,0.716956,0.324474,3348,23,4,9,0,1,13,61,176,314,165,96,104,134,139,145,141,235,452,383,284,166,158,91,54
2011-04-12,2,0,4,0,2,1,2,0.5025,0.493054,0.739167,0.274879,2034,24,13,14,1,6,16,58,189,226,54,40,49,92,106,44,78,99,291,224,130,103,84,54,39
2011-04-13,2,0,4,0,3,1,2,0.4125,0.417283,0.819167,0.250617,2162,15,1,2,2,3,5,34,70,164,65,46,61,95,61,106,81,142,309,321,175,126,117,99,62
2011-04-14,2,0,4,0,4,1,1,0.4675,0.462742,0.540417,0.1107,3267,21,10,3,2,9,14,70,193,337,170,89,115,145,159,137,142,202,388,337,259,169,145,104,47
2011-04-15,2,0,4,1,5,0,1,0.446667,0.441913,0.67125,0.226375,3126,27,15,18,3,3,13,47,149,300,178,122,136,200,180,163,162,243,331,263,209,118,102,80,64
2011-04-16,2,0,4,0,6,0,3,0.430833,0.425492,0.888333,0.340808,795,43,33,24,14,5,4,10,21,45,29,22,31,32,58,63,78,33,15,38,71,53,14,24,35
2011-04-17,2,0,4,0,0,0,1,0.456667,0.445696,0.479583,0.303496,3744,33,31,29,25,7,3,8,16,43,102,211,304,354,343,361,388,343,306,277,210,141,83,70,56
2011-04-18,2,0,4,0,1,1,1,0.5125,0.503146,0.5425,0.163567,3429,39,19,16,7,6,16,54,168,297,169,109,123,184,169,144,176,205,428,362,286,165,151,90,46
2011-04-19,2,0,4,0,2,1,2,0.505833,0.489258,0.665833,0.157971,3204,25,7,13,3,5,18,65,188,351,162,75,72,103,129,107,127,192,411,421,276,168,122,112,52
2011-04-20,2,0,4,0,3,1,1,0.595,0.564392,0.614167,0.241925,3944,33,7,2,2,9,15,64,237,396,197,131,118,145,177,148,145,255,432,441,383,225,172,117,93
2011-04-21,2,0,4,0,4,1,1,0.459167,0.453892,0.407083,0.325258,4189,44,26,13,7,6,14,75,198,365,196,98,133,199,177,228,235,294,481,452,324,204,184,137,99
2011-04-22,2,0,4,0,5,1,2,0.336667,0.321954,0.729583,0.219521,1683,33,24,9,2,3,16,49,180,346,195,136,106,80,40,36,75,62,69,51,55,47,28,24,17
2011-04-23,2,0,4,0,6,0,2,0.46,0.450121,0.887917,0.230725,4036,18,16,17,4,5,7,11,19,47,68,129,232,291,312,391,397,426,383,376,283,183,135,169,117
2011-04-24,2,0,4,0,0,0,2,0.581667,0.551763,0.810833,0.192175,4191,96,54,72,24,5,12,13,27,80,177,289,317,388,441,420,369,359,331,270,194,105,61,45,42
2011-04-25,2,0,4,0,1,1,1,0.606667,0.5745,0.776667,0.185333,4073,12,10,10,10,5,17,66,196,353,174,125,147,188,203,146,175,239,521,499,382,237,190,106,62
2011-04-26,2,0,4,0,2,1,1,0.631667,0.594083,0.729167,0.3265,4400,27,21,26,21,6,16,80,270,449,199,120,172,186,176,155,153,291,521,528,328,234,195,148,78
2011-04-27,2,0,4,0,3,1,2,0.62,0.575142,0.835417,0.3122,3872,27,17,5,7,6,17,84,246,444,181,92,156,173,150,148,138,218,521,412,260,218,145,129,78
2011-04-28,2,0,4,0,4,1,2,0.6175,0.578929,0.700833,0.320908,4058,54,20,21,3,9,13,86,215,398,183,54,84,107,121,142,163,270,455,530,404,269,194,153,110
2011-04-29,2,0,4,0,5,1,1,0.51,0.497463,0.457083,0.240063,4595,48,31,10,5,6,25,71,240,421,230,156,157,223,308,248,252,299,508,439,270,194,195,146,113
2011-04-30,2,0,4,0,6,0,1,0.4725,0.464021,0.503333,0.235075,5312,106,74,65,17,7,7,21,48,91,156,279,321,416,455,452,499,464,407,371,387,224,177,143,125
2011-05-01,2,0,5,0,0,0,2,0.451667,0.448204,0.762083,0.106354,3351,96,59,50,23,17,10,13,33,59,141,264,250,281,332,238,266,214,196,159,178,121,105,100,146
2011-05-02,2,0,5,0,1,1,2,0.549167,0.532833,0.73,0.183454,4401,177,114,35,16,17,20,62,209,371,172,108,130,187,170,181,155,269,537,518,314,218,232,125,64
2011-05-03,2,0,5,0,2,1,2,0.616667,0.582079,0.697083,0.342667,4451,16,14,5,2,4,14,109,265,459,186,127,140,217,194,158,154,271,517,544,365,290,225,113,62
2011-05-04,2,0,5,0,3,1,2,0.414167,0.40465,0.737083,0.328996,2633,27,7,4,1,3,9,21,52,79,40,31,72,124,143,107,129,195,410,396,296,191,150,89,57
2011-05-05,2,0,5,0,4,1,1,0.459167,0.441917,0.444167,0.295392,4433,27,10,5,4,7,30,89,271,440,184,128,148,196,192,154,147,269,533,520,361,258,180,165,115
2011-05-06,2,0,5,0,5,1,1,0.479167,0.474117,0.59,0.228246,4608,56,32,16,9,1,16,82,222,450,188,127,165,246,253,213,260,344,553,470,292,190,152,151,120
2011-05-07,2,0,5,0,6,0,1,0.52,0.512621,0.54125,0.16045,4714,86,58,52,18,5,7,13,40,115,218,298,347,373,436,378,378,342,354,289,267,219,182,120,119
2011-05-08,2,0,5,0,0,0,1,0.528333,0.518933,0.631667,0.0746375,4333,100,64,59,31,10,5,6,23,86,160,244,340,382,390,366,358,385,351,268,239,174,127,115,50
2011-05-09,2,0,5,0,1,1,1,0.5325,0.525246,0.58875,0.176,4362,53,33,8,7,4,23,89,237,374,178,119,125,195,174,162,199,304,598,524,384,239,156,116,61
2011-05-10,2,0,5,0,2,1,1,0.5325,0.522721,0.489167,0.115671,4803,18,15,5,4,2,29,112,314,425,205,127,125,217,202,176,180,327,611,550,434,291,203,150,81
2011-05-11,2,0,5,0,3,1,1,0.5425,0.5284,0.632917,0.120642,4182,38,20,10,3,2,20,99,318,442,203,154,141,226,193,177,179,289,259,274,401,273,234,146,81
2011-05-12,2,0,5,0,4,1,1,0.535,0.523363,0.7475,0.189667,4864,44,17,15,5,6,29,112,297,421,212,147,179,207,218,191,217,288,594,527,364,276,223,172,103
2011-05-13,2,0,5,0,5,1,2,0.5125,0.4943,0.863333,0.179725,4105,52,20,11,4,5,25,82,157,387,233,130,146,223,226,190,198,300,491,398,270,152,154,132,119
2011-05-14,2,0,5,0,6,0,2,0.520833,0.500629,0.9225,0.13495,3409,102,82,52,35,5,14,11,32,88,100,167,279,279,248,216,294,295,272,304,248,157,59,26,44
2011-05-15,2,0,5,0,0,0,2,0.5625,0.536,0.867083,0.152979,4553,39,47,50,32,13,14,17,42,70,134,226,322,367,456,437,459,440,392,237,231,191,151,117,69
2011-05-16,2,0,5,0,1,1,1,0.5775,0.550512,0.787917,0.126871,3958,38,14,13,4,6,21,104,272,394,194,112,185,209,214,193,165,226,274,453,308,198,177,127,57
2011-05-17,2,0,5,0,2,1,2,0.561667,0.538529,0.837917,0.277354,4123,31,13,8,4,4,22,49,151,347,207,104,130,153,172,184,210,290,604,480,349,283,174,98,56
2011-05-18,2,0,5,0,3,1,2,0.55,0.527158,0.87,0.201492,3855,23,12,6,9,3,9,101,274,453,202,106,23,54,122,138,167,294,565,489,331,213,85,117,59
2011-05-19,2,0,5,0,4,1,2,0.530833,0.510742,0.829583,0.108213,4575,29,6,15,4,5,26,103,257,487,216,130,164,168,183,180,188,302,547,513,410,282,209,79,72
2011-05-20,2,0,5,0,5,1,1,0.536667,0.529042,0.719583,0.125013,4917,48,25,8,5,5,28,117,319,517,234,148,196,255,232,197,242,330,554,473,302,220,195,152,115
2011-05-21,2,0,5,0,6,0,1,0.6025,0.571975,0.626667,0.12065,5805,98,72,40,19,7,5,28,43,126,225,323,418,493,462,456,506,471,444,444,301,248,227,204,145
2011-05-22,2,0,5,0,0,0,1,0.604167,0.5745,0.749583,0.148008,4660,131,98,68,33,12,6,18,40,94,189,305,373,401,455,316,331,273,306,358,300,231,136,121,65
2011-05-23,2,0,5,0,1,1,2,0.631667,0.590296,0.81,0.233842,4274,41,9,5,4,4,11,96,236,409,167,121,180,204,204,187,176,279,429,453,358,310,188,131,72
2011-05-24,2,0,5,0,2,1,2,0.66,0.604813,0.740833,0.207092,4492,35,15,10,2,4,24,112,314,434,138,108,175,170,190,153,188,277,548,564,355,280,189,141,66
2011-05-25,2,0,5,0,3,1,1,0.660833,0.615542,0.69625,0.154233,4978,35,8,8,9,3,25,117,313,531,234,135,140,210,202,168,182,299,601,517,405,340,236,174,86
2011-05-26,2,0,5,0,4,1,1,0.708333,0.654688,0.6775,0.199642,4677,45,16,14,4,2,27,98,286,489,216,143,160,194,197,189,141,291,494,478,378,322,223,180,90
2011-05-27,2,0,5,0,5,1,1,0.681667,0.637008,0.65375,0.240679,4679,69,50,18,12,7,31,81,249,418,227,153,166,243,209,239,356,419,491,399,279,144,151,141,127
2011-05-28,2,0,5,0,6,0,1,0.655833,0.612379,0.729583,0.230092,4758,94,55,48,15,4,7,19,50,102,177,276,349,358,385,382,374,402,341,385,252,196,201,161,125
2011-05-29,2,0,5,0,0,0,1,0.6675,0.61555,0.81875,0.213938,4788,83,66,61,26,23,6,15,30,96,152,251,319,402,418,351,376,361,383,328,287,219,229,171,135
2011-05-30,2,0,5,1,1,0,1,0.733333,0.671092,0.685,0.131225,4098,103,79,45,18,6,7,16,31,94,128,269,321,366,350,327,311,309,304,249,225,237,149,106,48
2011-05-31,2,0,5,0,2,1,1,0.775,0.725383,0.636667,0.111329,3982,29,17,12,4,3,26,109,235,406,175,109,106,162,147,140,175,249,495,417,285,251,210,159,61
2011-06-01,2,0,6,0,3,1,2,0.764167,0.720967,0.677083,0.207092,3974,34,17,3,6,4,21,128,284,454,207,115,112,169,154,145,152,266,486,309,264,256,190,129,69
2011-06-02,2,0,6,0,4,1,1,0.715,0.643942,0.305,0.292287,4968,42,15,6,4,3,31,113,304,467,225,139,165,232,203,185,188,318,572,525,379,337,248,155,112
2011-06-03,2,0,6,0,5,1,1,0.62,0.587133,0.354167,0.253121,5312,68,22,12,5,6,28,106,277,502,230,161,192,259,248,240,212,349,558,564,391,293,247,171,171
2011-06-04,2,0,6,0,6,0,1,0.635,0.594696,0.45625,0.123142,5342,93,94,59,18,15,8,28,87,125,224,317,369,420,456,451,404,440,344,341,285,239,185,190,150
2011-06-05,2,0,6,0,0,0,2,0.648333,0.616804,0.6525,0.138692,4906,113,96,64,47,12,6,21,27,98,164,251,335,335,367,385,417,398,390,363,357,279,165,130,86
2011-06-06,2,0,6,0,1,1,1,0.678333,0.621858,0.6,0.121896,4548,29,14,8,5,8,31,112,299,438,188,95,111,153,180,145,165,267,579,556,407,336,189,173,60
2011-06-07,2,0,6,0,2,1,1,0.7075,0.65595,0.597917,0.187808,4833,20,4,5,2,5,32,126,334,477,217,123,151,183,196,146,183,308,539,551,424,346,218,153,90
2011-06-08,2,0,6,0,3,1,1,0.775833,0.727279,0.622083,0.136817,4401,41,23,7,3,6,21,116,353,481,202,90,134,149,136,155,128,233,506,459,384,280,202,176,116
2011-06-09,2,0,6,0,4,1,2,0.808333,0.757579,0.568333,0.149883,3915,47,16,6,2,6,20,118,314,432,168,94,118,140,136,118,104,200,409,466,326,254,171,153,97
2011-06-10,2,0,6,0,5,1,1,0.755,0.703292,0.605,0.140554,4586,69,23,13,6,4,28,104,267,452,213,111,153,207,189,165,212,285,517,463,306,250,218,185,146
2011-06-11,2,0,6,0,6,0,1,0.725,0.678038,0.654583,0.15485,4966,117,77,60,28,13,16,40,68,143,230,264,325,347,387,380,374,394,337,286,264,275,220,190,131
2011-06-12,2,0,6,0,0,0,1,0.6925,0.643325,0.747917,0.163567,4460,119,93,66,28,14,10,14,34,92,182,311,367,420,373,315,360,350,252,256,223,206,140,128,107
2011-06-13,2,0,6,0,1,1,1,0.635,0.601654,0.494583,0.30535,5020,28,16,10,7,4,29,105,328,476,224,118,159,196,227,200,185,326,601,586,423,331,218,134,89
2011-06-14,2,0,6,0,2,1,1,0.604167,0.591546,0.507083,0.269283,4891,31,13,10,2,3,26,113,365,486,193,130,143,169,209,159,178,330,569,538,386,297,243,188,110
2011-06-15,2,0,6,0,3,1,1,0.626667,0.587754,0.471667,0.167912,5180,52,14,9,1,4,21,121,370,498,207,135,164,211,189,178,164,312,638,607,416,330,257,175,107
2011-06-16,2,0,6,0,4,1,2,0.628333,0.595346,0.688333,0.206471,3767,47,17,5,4,6,25,112,188,388,261,121,150,206,151,153,159,294,272,325,327,201,188,151,16
2011-06-17,2,0,6,0,5,1,1,0.649167,0.600383,0.735833,0.143029,4844,24,23,13,6,6,13,97,250,454,224,170,181,243,204,215,243,355,552,450,328,232,208,175,178
2011-06-18,2,0,6,0,6,0,1,0.696667,0.643954,0.670417,0.119408,5119,104,95,53,20,5,7,27,57,131,218,244,404,420,327,334,367,468,449,381,326,188,183,161,150
2011-06-19,2,0,6,0,0,0,2,0.699167,0.645846,0.666667,0.102,4744,89,76,72,30,17,19,33,71,84,169,244,377,396,363,317,362,378,397,296,311,232,167,152,92
2011-06-20,2,0,6,0,1,1,2,0.635,0.595346,0.74625,0.155475,4010,26,12,2,1,3,3,26,46,221,219,91,94,162,179,175,205,299,565,538,431,316,206,130,60
2011-06-21,3,0,6,0,2,1,2,0.680833,0.637646,0.770417,0.171025,4835,33,14,6,2,9,25,115,309,401,275,161,171,189,207,152,170,335,572,536,425,326,229,109,64
2011-06-22,3,0,6,0,3,1,1,0.733333,0.693829,0.7075,0.172262,4507,33,21,7,7,11,23,122,311,423,219,135,145,188,147,145,146,258,529,513,342,282,247,148,105
2011-06-23,3,0,6,0,4,1,2,0.728333,0.693833,0.703333,0.238804,4790,49,31,4,5,7,24,100,327,432,227,127,136,160,186,149,189,275,569,540,400,352,234,162,105
2011-06-24,3,0,6,0,5,1,1,0.724167,0.656583,0.573333,0.222025,4991,63,28,14,5,9,20,91,268,466,231,145,203,201,221,229,216,327,557,452,385,288,233,167,172
2011-06-25,3,0,6,0,6,0,1,0.695,0.643313,0.483333,0.209571,5202,116,95,59,39,11,14,29,42,112,186,302,331,392,371,383,392,410,399,307,375,269,202,187,179
2011-06-26,3,0,6,0,0,0,1,0.68,0.637629,0.513333,0.0945333,5305,115,90,87,34,11,12,20,51,107,206,332,346,443,442,443,403,455,421,382,317,213,183,114,78
2011-06-27,3,0,6,0,1,1,2,0.6825,0.637004,0.658333,0.107588,4708,32,15,6,2,9,22,94,261,447,187,150,150,170,164,158,202,275,604,591,396,305,242,145,81
2011-06-28,3,0,6,0,2,1,1,0.744167,0.692558,0.634167,0.144283,4648,30,13,11,2,8,21,124,347,456,246,157,167,202,189,160,166,261,579,504,299,296,195,134,81
2011-06-29,3,0,6,0,3,1,1,0.728333,0.654688,0.497917,0.261821,5225,36,28,16,5,5,22,116,336,540,221,126,170,243,231,188,189,328,570,588,401,333,221,183,129
2011-06-30,3,0,6,0,4,1,1,0.696667,0.637008,0.434167,0.185312,5515,54,32,8,9,6,25,123,320,555,260,132,169,233,232,163,240,323,594,586,455,340,323,207,126
2011-07-01,3,0,7,0,5,1,1,0.7225,0.652162,0.39625,0.102608,5362,68,31,13,11,6,30,108,243,492,260,170,214,263,292,303,381,427,461,422,318,269,218,222,140
2011-07-02,3,0,7,0,6,0,1,0.738333,0.667308,0.444583,0.115062,5119,115,78,52,26,11,14,32,45,132,179,271,357,374,404,392,331,398,349,383,305,284,232,201,154
2011-07-03,3,0,7,0,0,0,2,0.716667,0.668575,0.6825,0.228858,4649,144,78,69,33,5,1,3,25,92,181,264,390,404,421,375,376,414,358,181,183,176,167,162,147
2011-07-04,3,0,7,1,1,0,2,0.726667,0.665417,0.637917,0.0814792,6043,140,119,63,26,12,4,16,36,86,238,280,349,447,423,408,408,452,436,418,375,386,457,326,138
2011-07-05,3,0,7,0,2,1,1,0.746667,0.696338,0.590417,0.126258,4665,55,39,13,8,5,20,94,270,432,227,139,172,201,203,178,162,281,545,496,368,284,245,155,73
2011-07-06,3,0,7,0,3,1,1,0.72,0.685633,0.743333,0.149883,4629,37,15,5,6,6,35,121,312,428,189,43,127,152,140,163,185,275,596,563,394,312,241,186,98
2011-07-07,3,0,7,0,4,1,1,0.75,0.686871,0.65125,0.1592,4592,35,16,8,4,4,32,118,292,443,179,101,142,171,155,160,166,265,569,562,365,285,209,182,129
2011-07-08,3,0,7,0,5,1,2,0.709167,0.670483,0.757917,0.225129,4040,47,34,22,6,11,27,102,332,457,241,138,165,213,229,216,141,132,167,316,270,250,204,169,151
2011-07-09,3,0,7,0,6,0,1,0.733333,0.664158,0.609167,0.167912,5336,121,53,55,30,6,15,38,71,182,247,264,290,366,416,373,402,416,401,378,306,314,238,214,140
2011-07-10,3,0,7,0,0,0,1,0.7475,0.690025,0.578333,0.183471,4881,154,113,96,25,5,17,25,65,92,169,268,287,377,367,349,361,372,363,363,303,268,227,143,72
2011-07-11,3,0,7,0,1,1,1,0.7625,0.729804,0.635833,0.282337,4086,35,10,12,10,4,26,121,317,420,208,117,128,148,141,134,146,239,514,472,373,236,130,90,55
2011-07-12,3,0,7,0,2,1,1,0.794167,0.739275,0.559167,0.200254,4258,22,14,9,8,6,25,115,330,417,176,123,125,163,136,124,148,202,428,511,337,308,258,194,79
2011-07-13,3,0,7,0,3,1,1,0.746667,0.689404,0.631667,0.146133,4342,46,12,5,4,5,26,121,313,449,186,113,165,174,158,116,46,141,488,463,419,342,250,184,116
2011-07-14,3,0,7,0,4,1,1,0.680833,0.635104,0.47625,0.240667,5084,46,25,10,6,6,28,130,334,486,224,127,148,223,177,178,180,274,595,578,400,348,261,176,124
2011-07-15,3,0,7,0,5,1,1,0.663333,0.624371,0.59125,0.182833,5538,80,20,38,7,10,23,120,274,564,207,166,210,238,247,265,237,361,587,496,394,343,261,223,167
2011-07-16,3,0,7,0,6,0,1,0.686667,0.638263,0.585,0.208342,5923,110,75,58,26,16,10,37,52,127,222,322,396,463,497,433,428,425,475,428,406,296,252,201,168
2011-07-17,3,0,7,0,0,0,1,0.719167,0.669833,0.604167,0.245033,5302,125,102,94,47,10,12,21,50,118,184,304,391,420,472,430,324,317,369,390,379,262,207,181,93
2011-07-18,3,0,7,0,1,1,1,0.746667,0.703925,0.65125,0.215804,4458,51,25,10,7,4,17,105,277,347,203,130,141,165,152,138,164,265,545,558,398,323,202,140,91
2011-07-19,3,0,7,0,2,1,1,0.776667,0.747479,0.650417,0.1306,4541,51,13,13,3,5,19,134,315,412,199,141,127,153,172,152,158,277,513,530,388,277,241,156,92
2011-07-20,3,0,7,0,3,1,1,0.768333,0.74685,0.707083,0.113817,4332,40,11,9,6,4,23,116,303,438,209,110,142,149,120,127,138,234,455,497,382,309,242,169,99
2011-07-21,3,0,7,0,4,1,2,0.815,0.826371,0.69125,0.222021,3784,42,21,6,6,4,18,117,274,381,200,78,106,135,102,147,133,210,414,382,284,237,225,149,113
2011-07-22,3,0,7,0,5,1,1,0.848333,0.840896,0.580417,0.1331,3387,60,24,14,7,13,19,96,252,322,208,115,109,115,123,101,133,182,306,284,250,212,190,149,103
2011-07-23,3,0,7,0,6,0,1,0.849167,0.804287,0.5,0.131221,3285,101,70,61,22,9,7,25,45,109,132,198,216,235,245,236,215,221,197,196,217,145,154,125,104
2011-07-24,3,0,7,0,0,0,1,0.83,0.794829,0.550833,0.169171,3606,119,96,60,37,6,8,22,35,104,154,226,243,246,252,283,238,249,249,243,240,195,153,98,50
2011-07-25,3,0,7,0,1,1,1,0.743333,0.720958,0.757083,0.0908083,3840,34,12,6,4,6,24,107,277,387,135,84,107,67,78,90,112,198,485,533,386,302,194,125,87
2011-07-26,3,0,7,0,2,1,1,0.771667,0.696979,0.540833,0.200258,4590,28,12,7,4,6,27,110,318,424,187,138,151,147,182,147,163,254,537,546,398,290,267,158,89
2011-07-27,3,0,7,0,3,1,1,0.775,0.690667,0.402917,0.183463,4656,45,10,6,4,4,18,123,347,433,216,114,136,169,180,127,140,268,572,541,375,294,245,180,109
2011-07-28,3,0,7,0,4,1,1,0.779167,0.7399,0.583333,0.178479,4390,45,29,7,5,6,27,116,305,456,210,116,154,186,152,138,146,256,468,483,322,270,196,174,123
2011-07-29,3,0,7,0,5,1,1,0.838333,0.785967,0.5425,0.174138,3846,57,34,13,11,6,27,90,254,384,179,106,161,135,156,148,169,233,421,362,241,206,163,174,116
2011-07-30,3,0,7,0,6,0,1,0.804167,0.728537,0.465833,0.168537,4475,133,90,42,43,10,13,24,42,114,174,261,317,341,308,305,302,302,302,299,256,206,205,209,177
2011-07-31,3,0,7,0,0,0,1,0.805833,0.729796,0.480833,0.164813,4302,113,79,67,50,13,8,13,45,142,183,254,275,338,294,326,293,306,320,304,274,275,164,96,70
2011-08-01,3,0,8,0,1,1,1,0.771667,0.703292,0.550833,0.156717,4266,29,17,11,4,4,26,100,282,382,166,97,119,168,150,123,129,231,514,543,413,305,220,137,96
2011-08-02,3,0,8,0,2,1,1,0.783333,0.707071,0.49125,0.20585,4845,29,12,8,5,10,21,117,335,435,213,140,128,157,203,159,168,274,556,556,454,288,254,191,132
2011-08-03,3,0,8,0,3,1,2,0.731667,0.679937,0.6575,0.135583,3574,43,16,11,4,7,24,110,271,437,195,68,122,161,144,147,118,150,425,492,321,87,88,77,56
2011-08-04,3,0,8,0,4,1,2,0.71,0.664788,0.7575,0.19715,4576,17,17,7,3,7,20,97,282,398,187,113,149,205,205,167,165,290,555,523,366,286,211,174,132
2011-08-05,3,0,8,0,5,1,1,0.710833,0.656567,0.630833,0.184696,4866,54,19,19,6,7,16,101,270,454,226,163,147,216,204,245,210,330,550,466,372,291,173,188,139
2011-08-06,3,0,8,0,6,0,2,0.716667,0.676154,0.755,0.22825,4294,133,67,53,42,10,6,27,63,121,215,290,349,382,441,380,362,343,149,211,171,137,114,120,108
2011-08-07,3,0,8,0,0,0,1,0.7425,0.715292,0.752917,0.201487,3785,80,73,66,32,6,5,13,39,89,184,266,269,370,324,322,326,193,194,229,228,183,136,103,55
2011-08-08,3,0,8,0,1,1,1,0.765,0.703283,0.592083,0.192175,4326,30,12,7,1,10,15,95,267,349,183,124,179,182,151,150,126,282,527,529,416,286,186,147,72
2011-08-09,3,0,8,0,2,1,1,0.775,0.724121,0.570417,0.151121,4602,35,14,12,3,7,30,101,343,392,175,144,149,185,175,148,164,285,532,585,371,292,230,155,75
2011-08-10,3,0,8,0,3,1,1,0.766667,0.684983,0.424167,0.200258,4780,37,17,11,4,5,32,119,305,399,180,113,149,240,191,178,194,282,584,559,413,312,209,139,108
2011-08-11,3,0,8,0,4,1,1,0.7175,0.651521,0.42375,0.164796,4792,46,26,11,9,5,25,106,307,390,197,132,187,214,217,142,178,298,582,571,371,288,206,157,127
2011-08-12,3,0,8,0,5,1,1,0.708333,0.654042,0.415,0.125621,4905,65,23,15,9,5,26,76,264,426,205,130,156,222,253,186,249,334,516,465,385,287,226,231,151
2011-08-13,3,0,8,0,6,0,2,0.685833,0.645858,0.729583,0.211454,4150,84,77,74,27,10,18,22,44,118,208,260,314,421,153,259,358,281,269,292,237,183,167,154,120
2011-08-14,3,0,8,0,0,0,2,0.676667,0.624388,0.8175,0.222633,3820,90,73,62,27,3,10,6,24,41,103,183,198,281,377,370,331,292,329,347,259,193,155,39,27
2011-08-15,3,0,8,0,1,1,1,0.665833,0.616167,0.712083,0.208954,4338,25,10,3,7,5,17,90,258,355,222,141,153,178,193,151,182,283,530,483,397,285,184,98,88
2011-08-16,3,0,8,0,2,1,1,0.700833,0.645837,0.578333,0.236329,4725,31,16,4,6,5,30,119,346,441,198,111,150,162,192,182,159,303,600,570,376,280,215,152,77
2011-08-17,3,0,8,0,3,1,1,0.723333,0.666671,0.575417,0.143667,4694,24,14,6,5,5,28,105,308,487,209,118,128,189,176,192,159,300,552,556,347,280,230,171,105
2011-08-18,3,0,8,0,4,1,1,0.711667,0.662258,0.654583,0.233208,3805,56,24,6,6,9,27,103,308,420,228,129,141,173,187,182,174,245,409,274,141,165,149,135,114
2011-08-19,3,0,8,0,5,1,2,0.685,0.633221,0.722917,0.139308,4153,62,20,8,3,8,17,93,263,398,218,165,165,222,232,220,222,327,527,425,165,58,107,122,106
2011-08-20,3,0,8,0,6,0,1,0.6975,0.648996,0.674167,0.104467,5191,128,47,69,51,7,8,24,44,133,190,306,338,409,378,375,390,373,383,394,291,248,225,223,157
2011-08-21,3,0,8,0,0,0,1,0.710833,0.675525,0.77,0.248754,3873,74,86,64,51,6,8,14,31,92,231,274,313,374,310,235,68,258,270,311,282,181,138,134,68
2011-08-22,3,0,8,0,1,1,1,0.691667,0.638254,0.47,0.27675,4758,40,21,8,5,12,24,112,281,351,187,121,131,207,205,225,199,320,591,609,416,268,208,153,64
2011-08-23,3,0,8,0,2,1,1,0.640833,0.606067,0.455417,0.146763,5895,35,19,6,6,5,36,114,344,504,225,148,186,237,234,651,601,444,472,519,367,260,211,191,80
2011-08-24,3,0,8,0,3,1,1,0.673333,0.630692,0.605,0.253108,5130,38,24,6,1,7,27,108,308,468,213,146,185,235,236,204,204,271,567,621,440,334,236,181,70
2011-08-25,3,0,8,0,4,1,2,0.684167,0.645854,0.771667,0.210833,3542,52,15,5,4,7,26,102,313,484,162,142,151,41,37,113,132,121,312,408,272,225,187,147,84
2011-08-26,3,0,8,0,5,1,1,0.7,0.659733,0.76125,0.0839625,4661,51,23,20,11,8,26,105,266,404,230,123,214,243,237,219,249,343,489,410,290,222,190,152,136
2011-08-27,3,0,8,0,6,0,2,0.68,0.635556,0.85,0.375617,1115,145,64,77,30,4,12,18,28,76,156,205,88,76,43,23,30,24,16,0,0,0,0,0,0
2011-08-28,3,0,8,0,0,0,1,0.707059,0.647959,0.561765,0.304659,4334,0,0,0,0,0,0,0,1,8,53,142,237,306,431,447,469,491,398,402,387,214,186,98,64
2011-08-29,3,0,8,0,1,1,1,0.636667,0.607958,0.554583,0.159825,4634,34,20,13,6,3,17,102,284,404,188,115,138,207,218,182,220,282,591,547,367,277,202,142,75
2011-08-30,3,0,8,0,2,1,1,0.639167,0.594704,0.548333,0.125008,5204,27,13,10,4,6,28,119,357,493,218,137,175,237,229,209,196,337,611,576,465,298,223,143,93
2011-08-31,3,0,8,0,3,1,1,0.656667,0.611121,0.597917,0.0833333,5058,32,15,6,6,5,27,111,328,467,244,138,171,260,221,196,172,309,608,565,446,289,201,157,84
2011-09-01,3,0,9,0,4,1,1,0.655,0.614921,0.639167,0.141796,5115,51,21,25,14,7,23,105,342,498,207,138,192,229,219,198,174,308,628,531,443,280,177,179,126
2011-09-02,3,0,9,0,5,1,2,0.643333,0.604808,0.727083,0.139929,4727,64,32,20,8,4,20,76,259,456,220,140,192,260,279,283,346,381,455,355,287,196,149,147,98
2011-09-03,3,0,9,0,6,0,1,0.669167,0.633213,0.716667,0.185325,4484,87,74,41,35,7,12,23,38,89,201,258,194,257,353,380,388,374,371,339,295,219,164,162,123
2011-09-04,3,0,9,0,0,0,1,0.709167,0.665429,0.742083,0.206467,4940,109,75,60,43,4,6,3,30,70,189,297,337,435,419,361,410,337,376,356,328,229,207,155,104
2011-09-05,3,0,9,1,1,0,2,0.673333,0.625646,0.790417,0.212696,3351,97,54,39,16,8,6,11,41,101,152,244,308,353,389,357,253,284,114,123,175,82,60,64,20
2011-09-06,3,0,9,0,2,1,3,0.54,0.5152,0.886957,0.343943,2710,8,0,2,1,4,21,72,172,364,185,106,89,67,29,24,89,106,291,373,281,163,121,84,58
2011-09-07,3,0,9,0,3,1,3,0.599167,0.544229,0.917083,0.0970208,1996,13,5,6,2,4,16,75,86,328,190,66,10,22,11,25,58,144,285,237,226,96,38,29,24
2011-09-08,3,0,9,0,4,1,3,0.633913,0.555361,0.939565,0.192748,1842,14,4,0,2,3,14,56,179,195,69,65,98,102,126,120,139,156,113,68,52,89,82,70,26
2011-09-09,3,0,9,0,5,1,2,0.65,0.578946,0.897917,0.124379,3544,16,8,8,2,3,14,57,108,288,136,29,72,75,122,148,188,285,505,410,349,210,203,160,148
2011-09-10,3,0,9,0,6,0,1,0.66,0.607962,0.75375,0.153608,5345,116,83,64,37,7,8,6,52,119,207,318,360,404,370,359,480,431,460,360,315,245,230,175,139
2011-09-11,3,0,9,0,0,0,1,0.653333,0.609229,0.71375,0.115054,5046,108,88,76,45,9,39,20,37,94,227,334,402,411,350,342,404,483,380,339,333,226,159,95,45
2011-09-12,3,0,9,0,1,1,1,0.644348,0.60213,0.692174,0.088913,4713,16,12,2,0,4,24,109,312,408,176,129,165,184,163,189,212,298,590,571,436,299,195,150,69
2011-09-13,3,0,9,0,2,1,1,0.650833,0.603554,0.7125,0.141804,4763,26,10,2,4,8,20,122,362,425,214,135,153,187,184,190,180,292,579,539,396,272,245,144,74
2011-09-14,3,0,9,0,3,1,1,0.673333,0.6269,0.697083,0.1673,4785,33,8,5,8,9,31,145,370,429,202,142,164,212,178,124,176,277,599,586,381,261,213,160,72
2011-09-15,3,0,9,0,4,1,2,0.5775,0.553671,0.709167,0.271146,3659,37,20,5,8,7,31,124,338,391,209,121,159,179,189,170,135,222,261,244,232,248,145,115,69
2011-09-16,3,0,9,0,5,1,2,0.469167,0.461475,0.590417,0.164183,4760,48,26,10,6,4,32,93,299,409,210,140,179,251,223,225,203,358,566,482,315,225,163,167,126
2011-09-17,3,0,9,0,6,0,2,0.491667,0.478512,0.718333,0.189675,4511,108,80,79,28,5,5,22,37,108,177,249,367,372,349,297,354,305,359,329,256,176,170,143,136
2011-09-18,3,0,9,0,0,0,1,0.5075,0.490537,0.695,0.178483,4274,112,79,89,36,1,6,12,44,69,140,260,317,364,376,311,365,369,325,289,245,180,147,84,54
2011-09-19,3,0,9,0,1,1,2,0.549167,0.529675,0.69,0.151742,4539,37,10,13,5,8,28,113,332,420,215,105,139,189,177,188,187,263,568,540,374,231,200,129,68
2011-09-20,3,0,9,0,2,1,2,0.561667,0.532217,0.88125,0.134954,3641,25,14,5,3,6,22,114,329,209,69,30,56,60,103,112,192,264,511,492,337,253,206,148,81
2011-09-21,3,0,9,0,3,1,2,0.595,0.550533,0.9,0.0964042,4352,27,17,6,6,7,31,117,330,462,208,133,180,193,181,179,185,281,536,408,283,160,200,127,95
2011-09-22,3,0,9,0,4,1,2,0.628333,0.554963,0.902083,0.128125,4795,41,11,10,12,2,30,101,311,415,203,120,165,176,193,183,181,301,563,551,420,285,221,187,113
2011-09-23,4,0,9,0,5,1,2,0.609167,0.522125,0.9725,0.0783667,2395,52,31,20,8,13,22,104,254,317,111,35,21,29,34,24,61,56,99,234,248,179,138,157,148
2011-09-24,4,0,9,0,6,0,2,0.606667,0.564412,0.8625,0.0783833,5423,93,79,68,31,8,5,18,46,121,175,293,386,407,460,390,452,449,426,400,308,243,222,193,150
2011-09-25,4,0,9,0,0,0,2,0.634167,0.572637,0.845,0.0503792,5010,173,124,106,59,8,3,17,38,86,155,275,361,413,369,347,353,464,420,404,329,186,137,104,79
2011-09-26,4,0,9,0,1,1,2,0.649167,0.589042,0.848333,0.1107,4630,29,17,8,5,6,25,113,332,355,205,154,159,209,187,154,209,313,570,553,383,251,182,136,75
2011-09-27,4,0,9,0,2,1,2,0.636667,0.574525,0.885417,0.118171,4120,37,10,11,10,8,24,124,249,427,193,122,123,162,151,152,205,258,530,356,320,238,196,121,93
2011-09-28,4,0,9,0,3,1,2,0.635,0.575158,0.84875,0.148629,3907,36,14,9,3,4,22,114,185,287,155,129,151,184,162,170,181,280,591,524,372,102,74,87,71
2011-09-29,4,0,9,0,4,1,1,0.616667,0.574512,0.699167,0.172883,4839,40,23,2,8,7,22,111,283,431,225,127,158,195,211,167,227,291,589,584,384,273,225,175,81
2011-09-30,4,0,9,0,5,1,1,0.564167,0.544829,0.6475,0.206475,5202,60,23,15,3,8,26,98,297,456,237,168,217,254,266,266,245,360,591,511,374,230,206,159,132
2011-10-01,4,0,10,0,6,0,2,0.41,0.412863,0.75375,0.292296,2429,130,58,67,25,8,5,19,36,67,129,121,132,158,125,180,195,223,228,140,126,66,56,70,65
2011-10-02,4,0,10,0,0,0,2,0.356667,0.345317,0.791667,0.222013,2918,47,24,30,9,7,7,15,29,64,115,248,292,321,308,256,173,206,167,174,162,87,88,64,25
2011-10-03,4,0,10,0,1,1,2,0.384167,0.392046,0.760833,0.0833458,3570,16,6,4,7,8,21,94,249,372,153,101,126,147,118,120,101,218,495,412,315,204,138,91,54
2011-10-04,4,0,10,0,2,1,1,0.484167,0.472858,0.71,0.205854,4456,27,9,3,6,7,27,112,309,400,187,126,124,199,173,183,194,309,585,524,345,261,166,114,66
2011-10-05,4,0,10,0,3,1,1,0.538333,0.527138,0.647917,0.17725,4826,43,11,3,6,5,32,117,301,467,219,133,170,214,219,190,182,282,591,593,374,246,201,154,73
2011-10-06,4,0,10,0,4,1,1,0.494167,0.480425,0.620833,0.134954,4765,40,22,10,5,5,24,114,302,457,208,129,144,226,191,195,219,323,568,538,343,260,195,148,99
2011-10-07,4,0,10,0,5,1,1,0.510833,0.504404,0.684167,0.0223917,4985,67,28,5,10,5,27,87,242,417,241,174,230,235,305,256,270,419,563,465,294,197,166,146,136
2011-10-08,4,0,10,0,6,0,1,0.521667,0.513242,0.70125,0.0454042,5409,89,65,45,20,10,8,22,73,103,217,337,397,446,485,465,496,451,393,359,248,202,187,149,142
2011-10-09,4,0,10,0,0,0,1,0.540833,0.523983,0.7275,0.06345,5511,129,78,55,30,14,15,21,44,107,185,365,423,455,418,500,407,470,438,414,302,193,173,152,123
2011-10-10,4,0,10,1,1,0,1,0.570833,0.542925,0.73375,0.0423042,5117,53,34,19,11,6,21,44,114,254,219,265,322,365,365,370,384,402,459,473,336,225,175,126,75
2011-10-11,4,0,10,0,2,1,2,0.566667,0.546096,0.80875,0.143042,4563,30,11,5,3,5,20,123,352,406,235,149,123,181,180,171,175,320,604,539,318,234,175,147,57
2011-10-12,4,0,10,0,3,1,3,0.543333,0.517717,0.90625,0.24815,2416,25,10,2,2,7,22,112,259,404,197,113,120,62,101,78,45,55,251,172,109,90,83,43,54
2011-10-13,4,0,10,0,4,1,2,0.589167,0.551804,0.896667,0.141787,2913,15,12,4,6,7,17,52,81,209,109,69,84,105,162,133,155,276,479,268,205,181,123,114,47
2011-10-14,4,0,10,0,5,1,2,0.550833,0.529675,0.71625,0.223883,3644,39,24,6,7,8,17,94,147,209,180,125,87,75,132,156,230,344,481,423,248,196,178,143,95
2011-10-15,4,0,10,0,6,0,1,0.506667,0.498725,0.483333,0.258083,5217,106,73,56,23,6,7,20,57,125,207,322,374,456,394,472,377,443,441,372,238,179,168,166,135
2011-10-16,4,0,10,0,0,0,1,0.511667,0.503154,0.486667,0.281717,5041,107,77,65,42,12,7,10,48,99,190,347,377,444,438,462,412,466,405,328,233,178,102,130,62
2011-10-17,4,0,10,0,1,1,1,0.534167,0.510725,0.579583,0.175379,4570,37,17,7,2,5,29,114,309,414,206,135,166,205,205,166,208,302,620,518,333,229,177,104,62
2011-10-18,4,0,10,0,2,1,2,0.5325,0.522721,0.701667,0.110087,4748,31,11,5,1,4,21,109,341,499,227,102,147,201,219,169,205,304,625,570,317,227,206,137,70
2011-10-19,4,0,10,0,3,1,3,0.541739,0.513848,0.895217,0.243339,2424,34,16,7,0,3,3,31,68,210,202,123,149,130,106,97,120,201,181,140,197,145,85,107,69
2011-10-20,4,0,10,0,4,1,1,0.475833,0.466525,0.63625,0.422275,4195,26,15,4,1,8,26,92,318,426,223,130,129,199,164,155,160,234,494,469,298,241,165,128,90
2011-10-21,4,0,10,0,5,1,1,0.4275,0.423596,0.574167,0.221396,4304,50,26,18,7,6,31,85,233,402,222,138,174,240,206,198,235,302,524,397,253,184,143,113,117
2011-10-22,4,0,10,0,6,0,1,0.4225,0.425492,0.629167,0.0926667,4308,96,70,31,20,8,8,18,57,114,169,236,282,343,322,310,382,359,360,335,220,159,157,144,108
2011-10-23,4,0,10,0,0,0,1,0.421667,0.422333,0.74125,0.0995125,4381,88,71,50,46,6,3,12,21,88,143,289,333,413,415,408,387,405,340,284,193,144,99,94,49
2011-10-24,4,0,10,0,1,1,1,0.463333,0.457067,0.772083,0.118792,4187,32,15,7,4,6,21,86,285,398,195,129,168,220,198,206,177,310,614,486,237,129,126,79,59
2011-10-25,4,0,10,0,2,1,1,0.471667,0.463375,0.622917,0.166658,4687,30,11,5,4,5,24,98,314,408,223,128,166,200,198,200,234,285,585,518,338,248,201,170,94
2011-10-26,4,0,10,0,3,1,2,0.484167,0.472846,0.720417,0.148642,3894,32,12,3,3,5,21,92,299,464,240,131,155,194,82,66,70,213,454,453,331,207,157,135,75
2011-10-27,4,0,10,0,4,1,2,0.47,0.457046,0.812917,0.197763,2659,26,11,8,4,4,15,46,137,316,171,62,52,53,74,92,107,207,322,240,219,182,132,111,68
2011-10-28,4,0,10,0,5,1,2,0.330833,0.318812,0.585833,0.229479,3747,44,16,4,8,10,25,75,205,374,229,130,168,213,228,185,215,308,446,368,204,143,74,36,39
2011-10-29,4,0,10,0,6,0,3,0.254167,0.227913,0.8825,0.351371,627,19,18,17,8,1,1,5,7,20,20,12,27,50,30,29,41,22,31,43,39,47,50,54,36
2011-10-30,4,0,10,0,0,0,1,0.319167,0.321329,0.62375,0.176617,3331,54,43,50,33,11,4,10,22,80,147,178,240,314,345,300,290,320,245,213,153,92,79,71,37
2011-10-31,4,0,10,0,1,1,1,0.34,0.356063,0.703333,0.10635,3669,23,13,3,3,6,18,86,227,372,211,105,128,170,152,141,168,272,486,422,238,172,116,85,52
2011-11-01,4,0,11,0,2,1,1,0.400833,0.397088,0.68375,0.135571,4068,21,11,4,6,8,18,93,254,419,222,135,117,176,167,150,186,298,506,460,313,209,127,96,72
2011-11-02,4,0,11,0,3,1,1,0.3775,0.390133,0.71875,0.0820917,4186,19,10,2,2,4,27,92,251,472,228,133,144,189,161,172,187,266,553,479,282,182,168,106,57
2011-11-03,4,0,11,0,4,1,1,0.408333,0.405921,0.702083,0.136817,3974,31,15,7,5,4,28,99,292,402,164,110,120,179,169,152,162,267,498,433,252,209,144,137,95
2011-11-04,4,0,11,0,5,1,2,0.403333,0.403392,0.6225,0.271779,4046,43,17,10,8,7,23,66,245,395,254,134,162,197,194,201,237,290,480,374,196,186,123,115,89
2011-11-05,4,0,11,0,6,0,1,0.326667,0.323854,0.519167,0.189062,3926,52,62,31,8,8,2,23,34,84,141,227,238,372,355,386,343,335,334,237,204,165,118,82,85
2011-11-06,4,0,11,0,0,0,1,0.348333,0.362358,0.734583,0.0920542,3649,75,115,29,9,6,5,16,28,90,170,262,320,346,314,320,306,347,256,185,151,116,88,45,50
2011-11-07,4,0,11,0,1,1,1,0.395,0.400871,0.75875,0.057225,4035,15,8,2,3,6,26,99,311,410,174,123,128,179,189,145,170,295,528,425,300,204,139,108,48
2011-11-08,4,0,11,0,2,1,1,0.408333,0.412246,0.721667,0.0690375,4205,18,11,1,3,4,18,99,323,466,191,129,147,203,196,161,188,289,499,462,278,181,182,108,48
2011-11-09,4,0,11,0,3,1,1,0.4,0.409079,0.758333,0.0621958,4109,13,10,5,4,4,28,98,300,456,219,105,152,180,167,179,151,281,485,408,304,219,161,114,66
2011-11-10,4,0,11,0,4,1,2,0.38,0.373721,0.813333,0.189067,2933,24,11,5,11,3,23,114,272,436,211,117,108,167,96,64,62,73,177,273,211,168,136,89,82
2011-11-11,4,0,11,1,5,0,1,0.324167,0.306817,0.44625,0.314675,3368,66,19,11,6,8,13,46,121,258,201,200,170,239,236,247,216,238,310,208,199,109,83,91,73
2011-11-12,4,0,11,0,6,0,1,0.356667,0.357942,0.552917,0.212062,4067,64,54,46,17,7,4,7,27,101,160,232,315,366,353,435,386,361,285,203,171,132,122,118,101
2011-11-13,4,0,11,0,0,0,1,0.440833,0.43055,0.458333,0.281721,3717,73,71,57,28,6,5,23,43,79,135,241,295,354,339,371,310,319,231,190,157,139,95,89,67
2011-11-14,4,0,11,0,1,1,1,0.53,0.524612,0.587083,0.306596,4486,30,11,17,7,5,19,114,322,452,233,111,128,202,203,185,195,315,519,489,302,240,213,113,61
2011-11-15,4,0,11,0,2,1,2,0.53,0.507579,0.68875,0.199633,4195,22,10,15,4,7,28,108,319,480,200,138,134,176,153,147,191,271,451,441,286,238,168,128,80
2011-11-16,4,0,11,0,3,1,3,0.456667,0.451988,0.93,0.136829,1817,31,5,10,5,4,13,56,137,232,82,36,60,54,58,61,66,123,233,189,111,99,75,46,31
2011-11-17,4,0,11,0,4,1,2,0.341667,0.323221,0.575833,0.305362,3053,24,5,5,3,4,22,75,168,355,198,81,97,121,124,110,116,195,399,307,217,169,116,84,58
2011-11-18,4,0,11,0,5,1,1,0.274167,0.272721,0.41,0.168533,3392,30,10,10,2,5,22,71,216,375,213,115,140,165,177,154,178,209,378,328,190,137,111,97,59
2011-11-19,4,0,11,0,6,0,1,0.329167,0.324483,0.502083,0.224496,3663,53,35,46,15,8,2,12,41,92,142,200,233,311,363,349,382,287,232,208,182,163,108,106,93
2011-11-20,4,0,11,0,0,0,2,0.463333,0.457058,0.684583,0.18595,3520,93,84,56,37,12,4,9,23,65,138,229,286,304,369,363,351,306,203,145,157,113,105,40,28
2011-11-21,4,0,11,0,1,1,3,0.4475,0.445062,0.91,0.138054,2765,17,12,3,4,5,20,76,246,391,237,135,128,162,134,135,108,108,210,192,137,80,114,78,33
2011-11-22,4,0,11,0,2,1,3,0.416667,0.421696,0.9625,0.118792,1607,14,6,6,3,7,18,64,121,190,149,52,32,21,26,35,34,62,165,148,111,127,90,87,39
2011-11-23,4,0,11,0,3,1,2,0.440833,0.430537,0.757917,0.335825,2566,16,8,6,3,5,17,69,156,323,167,76,116,160,174,213,207,173,163,145,122,68,66,62,51
2011-11-24,4,0,11,1,4,0,1,0.373333,0.372471,0.549167,0.167304,1495,23,24,22,5,2,11,6,40,46,81,98,142,150,175,168,149,114,74,37,28,31,26,22,21
2011-11-25,4,0,11,0,5,1,1,0.375,0.380671,0.64375,0.0988958,2792,29,14,10,2,7,5,13,35,74,95,142,226,272,283,272,310,261,184,153,134,95,85,58,33
2011-11-26,4,0,11,0,6,0,1,0.375833,0.385087,0.681667,0.0684208,3068,47,29,23,17,4,3,10,17,60,83,141,230,309,325,299,314,275,184,185,146,141,92,65,69
2011-11-27,4,0,11,0,0,0,1,0.459167,0.4558,0.698333,0.208954,3071,46,44,31,17,4,5,9,23,42,111,189,240,256,313,313,317,323,204,155,139,104,88,66,32
2011-11-28,4,0,11,0,1,1,1,0.503478,0.490122,0.743043,0.142122,3867,16,13,0,5,4,34,104,277,407,208,107,118,178,162,143,150,264,468,416,264,218,156,109,46
2011-11-29,4,0,11,0,2,1,2,0.458333,0.451375,0.830833,0.258092,2914,22,17,5,2,6,22,89,342,449,202,36,11,18,22,36,65,151,354,358,250,184,125,95,53
2011-11-30,4,0,11,0,3,1,1,0.325,0.311221,0.613333,0.271158,3613,24,8,5,1,5,22,103,285,478,193,110,122,160,147,112,115,226,380,376,279,190,135,87,50
2011-12-01,4,0,12,0,4,1,1,0.3125,0.305554,0.524583,0.220158,3727,20,10,9,7,1,24,97,276,477,224,93,102,148,154,150,154,201,418,405,228,190,162,104,73
2011-12-02,4,0,12,0,5,1,1,0.314167,0.331433,0.625833,0.100754,3940,38,15,10,1,3,23,87,205,445,246,105,160,204,207,170,199,276,411,372,265,190,111,102,95
2011-12-03,4,0,12,0,6,0,1,0.299167,0.310604,0.612917,0.0957833,3614,75,71,50,9,8,6,11,26,63,124,195,275,358,292,343,337,305,232,224,175,127,109,114,85
2011-12-04,4,0,12,0,0,0,1,0.330833,0.3491,0.775833,0.0839583,3485,83,74,62,41,11,4,4,26,55,126,216,254,329,357,323,296,330,245,171,173,124,72,64,45
2011-12-05,4,0,12,0,1,1,2,0.385833,0.393925,0.827083,0.0622083,3811,24,12,8,2,7,25,90,283,404,190,87,123,154,171,133,148,248,446,399,308,205,176,106,62
2011-12-06,4,0,12,0,2,1,3,0.4625,0.4564,0.949583,0.232583,2594,28,16,3,3,7,20,86,234,414,204,50,32,55,71,75,45,88,262,304,233,110,114,87,53
2011-12-07,4,0,12,0,3,1,3,0.41,0.400246,0.970417,0.266175,705,33,13,6,3,1,3,18,46,86,64,33,50,33,33,25,30,31,52,51,33,26,6,13,16
2011-12-08,4,0,12,0,4,1,1,0.265833,0.256938,0.58,0.240058,3322,21,7,4,1,2,12,71,244,429,225,110,106,156,124,137,117,208,331,318,232,175,139,92,61
2011-12-09,4,0,12,0,5,1,1,0.290833,0.317542,0.695833,0.0827167,3620,34,14,12,6,2,20,63,199,385,264,126,136,173,168,187,189,250,362,318,199,150,140,129,94
2011-12-10,4,0,12,0,6,0,1,0.275,0.266412,0.5075,0.233221,3190,77,66,60,25,3,6,11,11,73,149,192,236,283,286,293,299,241,185,172,154,124,83,95,66
2011-12-11,4,0,12,0,0,0,1,0.220833,0.253154,0.49,0.0665417,2743,74,62,52,19,5,6,10,31,72,107,194,197,288,268,242,266,206,163,163,105,72,63,43,35
2011-12-12,4,0,12,0,1,1,1,0.238333,0.270196,0.670833,0.06345,3310,20,9,4,2,3,21,64,235,385,220,105,115,145,166,111,132,214,359,357,241,165,121,71,45
2011-12-13,4,0,12,0,2,1,1,0.2825,0.301138,0.59,0.14055,3523,17,4,2,3,4,20,92,223,400,233,102,124,167,127,134,151,207,398,382,267,161,139,107,59
2011-12-14,4,0,12,0,3,1,2,0.3175,0.338362,0.66375,0.0609583,3740,22,8,2,3,4,26,87,247,467,239,142,115,144,133,151,167,245,396,390,268,175,154,104,51
2011-12-15,4,0,12,0,4,1,2,0.4225,0.412237,0.634167,0.268042,3709,50,20,7,3,6,24,92,258,457,280,109,135,157,164,132,82,131,324,377,287,221,155,124,114
2011-12-16,4,0,12,0,5,1,2,0.375,0.359825,0.500417,0.260575,3577,72,31,23,5,5,26,82,231,459,243,132,144,173,137,128,153,224,365,295,214,152,102,106,75
2011-12-17,4,0,12,0,6,0,2,0.258333,0.249371,0.560833,0.243167,2739,62,43,58,26,9,9,17,20,59,100,181,209,244,236,237,228,222,165,157,106,106,96,80,69
2011-12-18,4,0,12,0,0,0,1,0.238333,0.245579,0.58625,0.169779,2431,71,46,41,18,1,5,3,12,32,81,129,188,228,228,219,207,234,136,138,135,104,89,49,37
2011-12-19,4,0,12,0,1,1,1,0.276667,0.280933,0.6375,0.172896,3403,17,11,3,3,4,21,68,191,397,183,108,127,141,142,137,159,208,378,354,251,206,127,107,60
2011-12-20,4,0,12,0,2,1,2,0.385833,0.396454,0.595417,0.0615708,3750,21,6,11,2,4,15,72,268,432,259,129,129,175,181,138,154,238,431,411,224,147,143,107,53
2011-12-21,1,0,12,0,3,1,2,0.428333,0.428017,0.858333,0.2214,2660,25,11,4,2,2,28,76,229,405,234,89,56,61,58,51,61,101,229,280,209,167,123,105,54
2011-12-22,1,0,12,0,4,1,2,0.423333,0.426121,0.7575,0.047275,3068,27,15,11,6,3,16,64,186,343,228,141,145,202,188,159,214,256,356,288,142,33,17,17,11
2011-12-23,1,0,12,0,5,1,1,0.373333,0.377513,0.68625,0.274246,2209,9,12,13,4,2,8,40,92,182,156,104,174,170,194,200,203,181,140,95,76,50,32,47,25
2011-12-24,1,0,12,0,6,0,1,0.3025,0.299242,0.5425,0.190304,1011,23,16,26,5,3,4,10,10,27,56,56,71,94,121,85,97,99,68,35,25,24,19,20,17
2011-12-25,1,0,12,0,0,0,1,0.274783,0.279961,0.681304,0.155091,754,6,4,2,4,0,1,1,4,5,23,43,85,66,79,86,91,86,44,30,16,26,19,17,16
2011-12-26,1,0,12,1,1,0,1,0.321739,0.315535,0.506957,0.239465,1317,11,10,7,0,2,4,4,19,18,62,70,91,100,140,153,131,97,97,75,65,56,49,27,29
2011-12-27,1,0,12,0,2,1,2,0.325,0.327633,0.7625,0.18845,1162,12,6,4,3,3,8,35,80,164,104,60,30,24,20,14,19,46,115,135,90,69,63,32,26
2011-12-28,1,0,12,0,3,1,1,0.29913,0.279974,0.503913,0.293961,2302,10,12,7,4,0,9,43,110,217,189,96,111,140,159,120,117,167,250,169,151,79,70,33,39
2011-12-29,1,0,12,0,4,1,1,0.248333,0.263892,0.574167,0.119412,2423,28,15,3,2,3,10,41,106,210,170,110,122,130,131,142,177,177,240,207,135,96,68,55,45
2011-12-30,1,0,12,0,5,1,1,0.311667,0.318812,0.636667,0.134337,2999,30,20,12,6,2,10,32,95,205,194,118,171,197,207,245,292,283,242,182,112,91,95,85,73
2011-12-31,1,0,12,0,6,0,1,0.41,0.414121,0.615833,0.220154,2485,44,35,28,18,10,1,6,19,49,90,128,217,273,313,300,253,195,129,93,92,71,52,38,31
2012-01-01,1,1,1,0,0,0,1,0.37,0.375621,0.6925,0.192167,2294,48,93,75,52,8,5,2,7,14,40,70,138,201,223,267,265,215,111,106,105,83,71,66,29
2012-01-02,1,1,1,1,1,0,1,0.273043,0.252304,0.381304,0.329665,1951,39,12,7,0,4,4,14,16,53,68,109,175,202,176,151,168,154,153,126,93,88,66,39,34
2012-01-03,1,1,1,0,2,1,1,0.15,0.126275,0.44125,0.365671,2236,13,6,3,2,5,12,85,170,354,153,60,75,74,73,79,77,136,245,224,156,115,68,33,18
2012-01-04,1,1,1,0,3,1,2,0.1075,0.119337,0.414583,0.1847,2368,9,3,1,1,2,14,59,152,315,180,64,46,84,91,75,90,131,281,289,184,123,90,52,32
2012-01-05,1,1,1,0,4,1,1,0.265833,0.278412,0.524167,0.129987,3272,14,5,4,4,5,26,78,215,388,227,86,84,120,118,117,119,197,412,383,265,177,97,71,60
2012-01-06,1,1,1,0,5,1,1,0.334167,0.340267,0.542083,0.167908,4098,25,8,5,4,3,13,70,205,447,241,116,138,191,204,178,222,294,476,419,272,177,154,135,101
2012-01-07,1,1,1,0,6,0,1,0.393333,0.390779,0.531667,0.174758,4521,79,62,38,20,10,9,7,20,64,130,203,324,376,445,512,449,401,322,297,215,170,140,109,119
2012-01-08,1,1,1,0,0,0,1,0.3375,0.340258,0.465,0.191542,3425,91,72,67,32,6,2,2,24,57,125,208,256,351,343,328,330,314,219,181,112,126,91,58,30
2012-01-09,1,1,1,0,1,1,2,0.224167,0.247479,0.701667,0.0989,2376,15,5,5,3,4,21,88,240,420,197,108,88,103,80,50,69,49,152,164,190,132,79,62,52
2012-01-10,1,1,1,0,2,1,1,0.308696,0.318826,0.646522,0.187552,3598,14,5,4,0,4,23,79,222,471,195,83,101,140,178,106,136,240,460,385,281,200,116,114,41
2012-01-11,1,1,1,0,3,1,2,0.274167,0.282821,0.8475,0.131221,2177,28,7,5,4,2,22,74,256,499,225,97,99,55,65,73,79,118,134,98,93,57,29,49,9
2012-01-12,1,1,1,0,4,1,2,0.3825,0.381938,0.802917,0.180967,4097,3,3,2,3,2,16,89,220,508,230,90,119,144,183,156,188,281,495,421,330,240,174,133,67
2012-01-13,1,1,1,0,5,1,1,0.274167,0.249362,0.5075,0.378108,3214,42,12,14,7,3,21,73,177,419,214,103,114,154,154,129,138,233,332,301,206,136,102,65,65
2012-01-14,1,1,1,0,6,0,1,0.18,0.183087,0.4575,0.187183,2493,44,50,38,20,3,4,5,24,92,81,149,178,219,220,231,226,206,144,143,102,103,69,66,76
2012-01-15,1,1,1,0,0,0,1,0.166667,0.161625,0.419167,0.251258,2311,59,42,43,25,6,5,8,17,36,90,126,165,234,224,188,206,205,146,120,110,95,72,60,29
2012-01-16,1,1,1,1,1,0,1,0.19,0.190663,0.5225,0.231358,2298,25,20,17,3,8,6,13,33,78,96,126,179,185,228,181,192,180,193,181,144,90,49,43,28
2012-01-17,1,1,1,0,2,1,2,0.373043,0.364278,0.716087,0.34913,2935,12,2,12,0,2,13,57,126,93,68,62,75,86,103,132,129,219,462,463,308,180,180,90,61
2012-01-18,1,1,1,0,3,1,1,0.303333,0.275254,0.443333,0.415429,3376,17,10,2,4,1,29,88,263,489,202,93,114,161,130,105,130,176,346,355,256,165,124,78,38
2012-01-19,1,1,1,0,4,1,1,0.19,0.190038,0.4975,0.220158,3292,16,5,3,4,1,19,86,206,423,210,108,99,111,124,119,127,193,385,361,234,191,121,90,56
2012-01-20,1,1,1,0,5,1,2,0.2175,0.220958,0.45,0.20275,3163,27,15,11,4,3,19,68,185,425,263,97,123,124,156,115,156,174,349,301,192,142,104,72,38
2012-01-21,1,1,1,0,6,0,2,0.173333,0.174875,0.83125,0.222642,1301,24,23,26,13,1,2,1,13,25,42,45,63,67,76,95,119,118,106,110,85,67,69,59,52
2012-01-22,1,1,1,0,0,0,2,0.1625,0.16225,0.79625,0.199638,1977,52,50,47,21,2,3,4,13,32,63,129,133,185,199,182,176,155,108,121,89,74,44,58,37
2012-01-23,1,1,1,0,1,1,2,0.218333,0.243058,0.91125,0.110708,2432,19,4,2,1,1,19,42,122,272,211,149,62,62,37,61,74,122,276,282,220,169,120,68,37
2012-01-24,1,1,1,0,2,1,1,0.3425,0.349108,0.835833,0.123767,4339,25,9,8,3,2,26,89,232,490,255,116,153,175,203,173,208,278,515,423,331,229,172,125,99
2012-01-25,1,1,1,0,3,1,1,0.294167,0.294821,0.64375,0.161071,4270,31,13,6,1,4,33,88,257,513,236,141,157,193,212,160,155,246,470,439,316,235,185,113,66
2012-01-26,1,1,1,0,4,1,2,0.341667,0.35605,0.769583,0.0733958,4075,25,21,7,6,3,28,88,239,530,274,108,111,165,173,128,164,224,413,406,313,224,192,142,91
2012-01-27,1,1,1,0,5,1,2,0.425,0.415383,0.74125,0.342667,3456,38,29,13,8,4,24,72,134,220,107,126,105,180,201,176,197,267,422,383,251,159,135,119,86
2012-01-28,1,1,1,0,6,0,1,0.315833,0.326379,0.543333,0.210829,4023,69,58,41,17,8,10,15,31,91,158,191,296,314,373,362,410,407,290,241,206,120,127,103,85
2012-01-29,1,1,1,0,0,0,1,0.2825,0.272721,0.31125,0.24005,3243,96,73,51,21,5,7,5,12,70,111,191,255,288,316,280,310,322,234,168,159,111,69,64,25
2012-01-30,1,1,1,0,1,1,1,0.269167,0.262625,0.400833,0.215792,3624,10,9,7,4,5,26,80,225,493,198,85,99,134,132,115,138,221,438,410,306,181,162,94,52
2012-01-31,1,1,1,0,2,1,1,0.39,0.381317,0.416667,0.261817,4509,15,8,2,2,1,22,104,279,512,261,144,139,194,198,160,177,307,559,502,328,238,165,129,63
2012-02-01,1,1,2,0,3,1,1,0.469167,0.466538,0.507917,0.189067,4579,31,4,7,3,1,18,67,208,520,276,133,143,179,186,192,194,283,539,526,335,264,233,140,97
2012-02-02,1,1,2,0,4,1,2,0.399167,0.398971,0.672917,0.187187,3761,31,17,9,2,1,19,74,205,445,228,78,105,148,137,141,174,229,450,410,327,213,148,109,61
2012-02-03,1,1,2,0,5,1,1,0.313333,0.309346,0.526667,0.178496,4151,38,22,6,4,2,17,88,226,441,270,129,164,216,198,170,216,311,488,385,267,163,134,119,77
2012-02-04,1,1,2,0,6,0,2,0.264167,0.272725,0.779583,0.121896,2832,86,43,44,18,6,4,5,28,90,157,224,270,300,302,276,305,143,67,64,80,77,78,95,70
2012-02-05,1,1,2,0,0,0,2,0.265833,0.264521,0.687917,0.175996,2947,61,51,63,17,9,4,4,16,62,92,148,182,248,274,243,272,296,306,181,69,50,66,191,42
2012-02-06,1,1,2,0,1,1,1,0.282609,0.296426,0.622174,0.1538,3784,21,6,3,0,2,17,72,234,444,277,116,116,150,141,140,171,228,430,437,291,201,154,87,46
2012-02-07,1,1,2,0,2,1,1,0.354167,0.361104,0.49625,0.147379,4375,23,14,4,2,3,15,100,299,529,289,116,129,172,184,138,146,276,509,518,338,212,190,118,51
2012-02-08,1,1,2,0,3,1,2,0.256667,0.266421,0.722917,0.133721,2802,23,10,1,1,1,20,98,281,508,253,108,102,138,126,108,54,75,155,167,161,125,129,98,60
2012-02-09,1,1,2,0,4,1,1,0.265,0.261988,0.562083,0.194037,3830,26,12,2,4,1,18,76,267,484,238,97,99,158,154,144,134,238,399,417,295,199,177,107,84
2012-02-10,1,1,2,0,5,1,2,0.280833,0.293558,0.54,0.116929,3831,43,13,16,5,2,17,64,230,448,275,124,153,176,192,146,191,268,396,359,262,151,122,113,65
2012-02-11,1,1,2,0,6,0,3,0.224167,0.210867,0.73125,0.289796,2169,53,45,26,9,4,2,9,19,78,90,166,183,221,235,243,124,146,144,108,87,63,48,46,20
2012-02-12,1,1,2,0,0,0,1,0.1275,0.101658,0.464583,0.409212,1529,21,24,27,14,1,3,2,18,26,63,91,124,140,138,111,155,164,87,96,80,57,36,28,23
2012-02-13,1,1,2,0,1,1,1,0.2225,0.227913,0.41125,0.167283,3422,9,6,4,1,2,17,72,195,417,205,71,90,118,140,135,155,211,407,405,263,214,147,102,36
2012-02-14,1,1,2,0,2,1,2,0.319167,0.333946,0.50875,0.141179,3922,14,6,3,3,2,22,90,280,513,262,98,112,172,173,124,145,266,523,406,281,184,109,77,57
2012-02-15,1,1,2,0,3,1,1,0.348333,0.351629,0.53125,0.1816,4169,22,5,4,3,1,25,95,321,515,231,120,138,163,170,134,171,231,487,468,311,211,178,107,58
2012-02-16,1,1,2,0,4,1,2,0.316667,0.330162,0.752917,0.091425,3005,23,5,7,1,3,20,87,288,498,202,44,71,45,64,31,53,118,289,353,258,216,145,111,73
2012-02-17,1,1,2,0,5,1,1,0.343333,0.351629,0.634583,0.205846,4154,34,18,12,1,1,16,71,226,520,283,116,142,198,205,170,221,307,465,377,282,171,129,107,82
2012-02-18,1,1,2,0,6,0,1,0.346667,0.355425,0.534583,0.190929,4318,86,45,45,18,7,1,9,41,102,138,205,286,369,384,427,499,404,364,246,188,148,114,118,74
2012-02-19,1,1,2,0,0,0,2,0.28,0.265788,0.515833,0.253112,2689,74,72,48,15,3,2,5,14,56,93,191,226,255,261,237,253,212,157,167,119,103,36,55,35
2012-02-20,1,1,2,1,1,0,1,0.28,0.273391,0.507826,0.229083,3129,41,15,20,8,0,6,10,44,120,110,143,208,281,312,263,289,280,253,242,172,126,98,62,26
2012-02-21,1,1,2,0,2,1,1,0.287826,0.295113,0.594348,0.205717,3777,12,7,3,0,2,15,86,279,464,217,85,86,163,131,124,160,254,432,425,304,227,154,100,47
2012-02-22,1,1,2,0,3,1,1,0.395833,0.392667,0.567917,0.234471,4773,24,7,6,4,2,30,90,302,576,252,139,171,207,190,177,195,298,529,525,327,274,239,147,62
2012-02-23,1,1,2,0,4,1,1,0.454167,0.444446,0.554583,0.190913,5062,42,15,9,6,1,32,91,326,560,242,148,182,224,218,192,217,343,610,522,369,269,222,137,85
2012-02-24,1,1,2,0,5,1,2,0.4075,0.410971,0.7375,0.237567,3487,46,18,5,5,2,26,82,272,469,244,141,163,228,183,31,94,178,256,300,233,167,152,106,86
2012-02-25,1,1,2,0,6,0,1,0.290833,0.255675,0.395833,0.421642,2732,61,46,38,7,2,3,13,23,93,122,183,210,258,226,216,232,195,159,133,149,105,85,82,91
2012-02-26,1,1,2,0,0,0,1,0.279167,0.268308,0.41,0.205229,3389,70,55,42,21,6,5,2,22,59,87,188,227,305,325,331,353,339,287,216,143,88,83,71,64
2012-02-27,1,1,2,0,1,1,1,0.366667,0.357954,0.490833,0.268033,4322,29,6,4,2,1,16,90,280,528,230,104,103,177,182,158,174,286,529,527,334,219,195,92,56
2012-02-28,1,1,2,0,2,1,1,0.359167,0.353525,0.395833,0.193417,4363,10,6,3,6,2,21,101,325,559,232,132,163,183,190,134,166,287,530,449,306,204,188,101,65
2012-02-29,1,1,2,0,3,1,2,0.344348,0.34847,0.804783,0.179117,1834,32,6,4,2,0,29,104,253,116,38,10,10,70,76,56,90,167,253,192,102,97,39,55,33
2012-03-01,1,1,3,0,4,1,1,0.485833,0.475371,0.615417,0.226987,4990,11,12,6,3,5,18,109,304,594,286,133,168,220,211,211,223,361,600,525,328,254,197,126,85
2012-03-02,1,1,3,0,5,1,2,0.353333,0.359842,0.657083,0.144904,3194,46,20,6,3,2,24,92,262,549,314,132,194,234,222,205,78,50,128,160,174,100,101,75,23
2012-03-03,1,1,3,0,6,0,2,0.414167,0.413492,0.62125,0.161079,4066,22,44,38,21,2,2,7,16,48,94,168,214,299,339,430,399,467,385,303,225,149,154,134,106
2012-03-04,1,1,3,0,0,0,1,0.325833,0.303021,0.403333,0.334571,3423,72,76,80,26,14,5,5,23,66,118,192,256,327,364,332,334,299,263,184,132,88,79,62,26
2012-03-05,1,1,3,0,1,1,1,0.243333,0.241171,0.50625,0.228858,3333,17,6,4,1,1,18,91,260,428,197,86,103,137,120,128,130,210,387,375,226,179,120,78,31
2012-03-06,1,1,3,0,2,1,1,0.258333,0.255042,0.456667,0.200875,3956,8,6,4,1,3,25,102,275,501,233,129,130,138,164,136,166,250,446,457,287,187,148,106,54
2012-03-07,1,1,3,0,3,1,1,0.404167,0.3851,0.513333,0.345779,4916,15,5,4,3,3,18,108,344,566,264,147,161,215,205,175,209,288,612,544,361,260,188,159,62
2012-03-08,1,1,3,0,4,1,1,0.5275,0.524604,0.5675,0.441563,5382,46,21,11,3,2,29,109,334,585,301,138,204,251,233,203,185,342,597,590,416,302,233,153,94
2012-03-09,1,1,3,0,5,1,2,0.410833,0.397083,0.407083,0.4148,4569,54,26,11,7,1,29,85,268,501,284,159,187,201,224,178,238,343,566,470,244,159,141,107,86
2012-03-10,1,1,3,0,6,0,1,0.2875,0.277767,0.350417,0.22575,4118,77,51,42,16,4,10,12,40,111,148,223,274,329,357,379,406,390,354,297,184,121,110,100,83
2012-03-11,1,1,3,0,0,0,1,0.361739,0.35967,0.476957,0.222587,4911,69,61,0,66,22,7,10,17,72,90,218,299,410,464,501,487,509,498,389,258,171,147,94,52
2012-03-12,1,1,3,0,1,1,1,0.466667,0.459592,0.489167,0.207713,5298,24,10,9,2,3,16,88,268,564,281,137,150,221,250,221,233,332,644,712,446,286,205,133,63
2012-03-13,1,1,3,0,2,1,1,0.565,0.542929,0.6175,0.23695,5847,26,16,1,2,1,24,113,308,593,342,143,219,244,233,212,264,365,676,734,479,351,244,170,87
2012-03-14,1,1,3,0,3,1,1,0.5725,0.548617,0.507083,0.115062,6312,39,27,2,4,5,27,121,368,662,351,188,220,267,254,224,283,356,782,749,472,330,288,202,91
2012-03-15,1,1,3,0,4,1,1,0.5575,0.532825,0.579583,0.149883,6192,60,23,19,7,14,26,117,381,623,315,164,211,265,273,258,287,426,713,746,425,330,243,169,97
2012-03-16,1,1,3,0,5,1,2,0.435833,0.436229,0.842083,0.113192,4378,57,26,4,3,3,32,99,278,562,312,180,207,294,260,202,107,129,258,408,296,235,152,148,126
2012-03-17,1,1,3,0,6,0,2,0.514167,0.505046,0.755833,0.110704,7836,100,69,42,26,2,8,30,86,218,321,443,585,651,686,690,679,685,648,560,417,271,223,211,185
2012-03-18,1,1,3,0,0,0,2,0.4725,0.464,0.81,0.126883,5892,107,113,56,18,14,6,11,42,96,178,351,368,503,544,521,554,541,541,459,352,198,173,100,46
2012-03-19,1,1,3,0,1,1,1,0.545,0.532821,0.72875,0.162317,6153,23,15,8,2,3,31,120,354,579,331,184,201,282,263,260,286,385,721,801,549,330,223,148,54
2012-03-20,1,1,3,0,2,1,1,0.560833,0.538533,0.807917,0.121271,6093,29,15,10,3,6,20,100,170,516,325,163,230,261,284,248,244,431,750,801,555,377,277,188,90
2012-03-21,2,1,3,0,3,1,2,0.531667,0.513258,0.82125,0.0895583,6230,33,26,10,8,4,39,149,372,535,293,154,192,229,303,225,243,378,729,779,582,374,251,197,125
2012-03-22,2,1,3,0,4,1,1,0.554167,0.531567,0.83125,0.117562,6871,41,30,6,7,6,34,136,361,649,318,142,219,272,298,257,304,425,810,801,586,424,374,220,151
2012-03-23,2,1,3,0,5,1,2,0.601667,0.570067,0.694167,0.1163,8362,95,50,32,10,3,34,116,346,662,380,275,318,471,428,432,472,589,957,830,686,445,284,271,176
2012-03-24,2,1,3,0,6,0,2,0.5025,0.486733,0.885417,0.192783,3372,156,128,69,32,7,4,28,70,154,249,345,273,183,196,223,290,177,115,137,133,111,104,83,105
2012-03-25,2,1,3,0,0,0,2,0.4375,0.437488,0.880833,0.220775,4996,80,89,35,18,8,6,18,39,89,118,250,323,360,367,414,421,492,419,491,375,259,149,111,65
2012-03-26,2,1,3,0,1,1,1,0.445833,0.43875,0.477917,0.386821,5558,33,28,20,1,4,36,117,370,657,282,153,178,279,301,217,223,305,664,684,458,221,186,93,48
2012-03-27,2,1,3,0,2,1,1,0.323333,0.315654,0.29,0.187192,5102,10,5,7,4,3,17,101,286,581,267,138,175,220,211,184,200,305,614,644,417,294,221,134,64
2012-03-28,2,1,3,0,3,1,1,0.484167,0.47095,0.48125,0.291671,5698,30,8,3,5,1,40,115,358,658,314,173,222,268,273,221,199,221,604,641,456,362,261,172,93
2012-03-29,2,1,3,0,4,1,1,0.494167,0.482304,0.439167,0.31965,6133,48,33,6,5,9,32,117,367,654,321,166,220,292,273,238,307,388,703,681,468,335,224,152,94
2012-03-30,2,1,3,0,5,1,2,0.37,0.375621,0.580833,0.138067,5459,59,27,7,7,2,26,86,289,593,321,187,201,270,242,229,280,367,606,560,395,209,220,153,123
2012-03-31,2,1,3,0,6,0,2,0.424167,0.421708,0.738333,0.250617,6235,92,82,69,31,8,5,23,44,145,223,313,463,621,638,551,605,535,543,341,284,208,143,156,112
2012-04-01,2,1,4,0,0,0,2,0.425833,0.417287,0.67625,0.172267,6041,67,62,81,25,12,18,97,84,125,275,360,451,445,464,561,573,511,555,432,346,232,134,68,63
2012-04-02,2,1,4,0,1,1,1,0.433913,0.427513,0.504348,0.312139,5936,17,5,5,0,4,24,110,306,589,317,204,209,281,281,268,324,395,729,618,494,329,238,123,66
2012-04-03,2,1,4,0,2,1,1,0.466667,0.461483,0.396667,0.100133,6772,33,11,5,3,1,27,100,341,604,408,219,258,331,345,311,316,485,757,800,558,379,243,158,79
2012-04-04,2,1,4,0,3,1,1,0.541667,0.53345,0.469583,0.180975,6436,41,11,5,3,1,27,126,366,684,363,167,213,283,251,258,268,390,744,759,494,372,298,181,131
2012-04-05,2,1,4,0,4,1,1,0.435,0.431163,0.374167,0.219529,6457,45,13,18,5,1,29,126,354,638,351,246,268,276,291,287,269,402,822,698,487,312,234,149,136
2012-04-06,2,1,4,0,5,1,1,0.403333,0.390767,0.377083,0.300388,6460,61,38,11,8,5,23,80,246,508,376,238,291,337,411,490,537,536,655,484,412,252,190,158,113
2012-04-07,2,1,4,0,6,0,1,0.4375,0.426129,0.254167,0.274871,6857,94,69,36,28,7,2,19,54,123,276,363,495,590,643,578,626,615,567,517,413,208,234,182,118
2012-04-08,2,1,4,0,0,0,1,0.5,0.492425,0.275833,0.232596,5169,85,64,32,26,7,12,28,37,84,179,299,404,457,483,503,486,476,411,310,276,211,130,118,51
2012-04-09,2,1,4,0,1,1,1,0.489167,0.476638,0.3175,0.358196,5585,37,16,6,3,5,32,111,331,617,286,178,223,280,281,218,255,391,632,646,421,276,165,108,67
2012-04-10,2,1,4,0,2,1,1,0.446667,0.436233,0.435,0.249375,5918,26,9,2,2,2,24,103,384,692,319,181,239,259,283,224,203,362,744,704,479,282,206,127,62
2012-04-11,2,1,4,0,3,1,1,0.348696,0.337274,0.469565,0.295274,4862,30,12,2,2,0,27,106,321,595,302,153,180,182,163,135,202,307,579,585,384,235,165,134,61
2012-04-12,2,1,4,0,4,1,1,0.3975,0.387604,0.46625,0.290429,5409,23,9,4,5,1,21,96,306,624,287,141,224,259,203,224,211,353,656,610,433,280,187,158,94
2012-04-13,2,1,4,0,5,1,1,0.4425,0.431808,0.408333,0.155471,6398,55,30,11,11,5,21,84,296,563,330,192,233,322,358,348,352,463,738,671,427,286,189,215,198
2012-04-14,2,1,4,0,6,0,1,0.495,0.487996,0.502917,0.190917,7460,96,70,56,32,14,7,21,64,160,265,406,564,678,678,660,658,582,560,481,459,321,220,212,196
2012-04-15,2,1,4,0,0,0,1,0.606667,0.573875,0.507917,0.225129,7132,124,106,74,45,12,10,16,46,97,251,421,528,635,681,628,617,616,623,479,379,291,229,134,90
2012-04-16,2,1,4,1,1,0,1,0.664167,0.614925,0.561667,0.284829,6370,41,28,14,8,6,38,133,387,597,297,224,251,271,263,288,275,358,712,676,522,375,271,214,121
2012-04-17,2,1,4,0,2,1,1,0.608333,0.598487,0.390417,0.273629,6691,43,11,4,6,9,30,144,461,673,400,217,239,244,239,257,308,370,781,775,537,402,297,162,82
2012-04-18,2,1,4,0,3,1,2,0.463333,0.457038,0.569167,0.167912,4367,38,14,9,6,7,34,134,418,576,265,147,119,110,64,51,98,235,488,505,368,260,189,162,70
2012-04-19,2,1,4,0,4,1,1,0.498333,0.493046,0.6125,0.0659292,6565,25,13,6,4,4,30,120,406,677,301,189,229,264,238,237,262,387,748,776,586,404,267,248,144
2012-04-20,2,1,4,0,5,1,1,0.526667,0.515775,0.694583,0.149871,7290,64,25,21,10,3,25,113,359,700,359,237,254,362,381,394,407,580,819,668,492,341,287,202,187
2012-04-21,2,1,4,0,6,0,1,0.57,0.542921,0.682917,0.283587,6624,142,88,81,29,9,1,31,76,201,331,482,608,640,649,609,628,639,568,416,54,39,102,110,91
2012-04-22,2,1,4,0,0,0,3,0.396667,0.389504,0.835417,0.344546,1027,117,73,56,40,7,6,12,24,51,79,68,77,61,52,53,38,36,27,39,35,35,11,13,17
2012-04-23,2,1,4,0,1,1,2,0.321667,0.301125,0.766667,0.303496,3214,6,2,4,1,3,14,45,207,482,272,100,101,129,107,114,112,103,232,379,298,203,152,89,59
2012-04-24,2,1,4,0,2,1,1,0.413333,0.405283,0.454167,0.249383,5633,13,7,3,2,3,22,120,390,611,308,162,184,224,224,216,236,362,691,632,482,285,226,157,73
2012-04-25,2,1,4,0,3,1,1,0.476667,0.470317,0.427917,0.118792,6196,36,25,7,3,6,24,106,389,654,321,182,219,269,228,223,229,376,732,709,543,380,239,192,104
2012-04-26,2,1,4,0,4,1,2,0.498333,0.483583,0.756667,0.176625,5026,43,23,13,6,3,17,127,225,362,201,139,151,204,197,169,204,318,614,664,464,337,250,183,112
2012-04-27,2,1,4,0,5,1,1,0.4575,0.452637,0.400833,0.347633,6233,73,35,22,3,6,19,120,315,592,334,236,233,307,306,300,324,440,702,654,441,289,208,158,116
2012-04-28,2,1,4,0,6,0,2,0.376667,0.377504,0.489583,0.129975,4220,103,67,57,26,2,5,28,55,158,214,291,358,381,389,440,408,376,322,90,139,102,84,83,42
2012-04-29,2,1,4,0,0,0,1,0.458333,0.450121,0.587083,0.116908,6304,36,42,40,16,4,6,7,27,107,185,380,411,584,595,653,603,587,522,487,375,243,204,108,82
2012-04-30,2,1,4,0,1,1,2,0.464167,0.457696,0.57,0.171638,5572,48,24,8,4,2,20,123,349,596,268,157,163,225,247,218,231,347,683,664,471,309,221,134,60
2012-05-01,2,1,5,0,2,1,2,0.613333,0.577021,0.659583,0.156096,5740,35,21,8,3,8,17,26,169,557,349,174,229,269,249,204,234,354,681,743,487,335,282,211,95
2012-05-02,2,1,5,0,3,1,1,0.564167,0.537896,0.797083,0.138058,6169,47,15,16,6,4,33,120,358,666,315,175,184,245,228,240,256,367,729,813,504,338,239,173,98
2012-05-03,2,1,5,0,4,1,2,0.56,0.537242,0.768333,0.133696,6421,90,24,17,6,2,21,136,384,627,304,168,201,301,265,204,283,370,704,706,522,420,299,246,121
2012-05-04,2,1,5,0,5,1,1,0.6275,0.590917,0.735417,0.162938,6296,89,48,11,14,4,24,135,356,618,294,199,258,171,278,242,343,440,643,641,452,313,235,232,256
2012-05-05,2,1,5,0,6,0,2,0.621667,0.584608,0.756667,0.152992,6883,153,107,75,32,9,22,42,87,197,284,432,575,550,524,428,541,540,502,434,405,309,269,217,149
2012-05-06,2,1,5,0,0,0,2,0.5625,0.546737,0.74,0.149879,6359,134,121,93,28,16,11,17,36,114,191,333,414,558,565,518,571,544,511,463,383,276,203,157,102
2012-05-07,2,1,5,0,1,1,2,0.5375,0.527142,0.664167,0.230721,6273,34,9,6,5,2,23,142,385,639,350,190,213,263,272,239,262,388,769,680,546,323,247,173,113
2012-05-08,2,1,5,0,2,1,2,0.581667,0.557471,0.685833,0.296029,5728,38,9,16,6,5,20,165,463,641,295,157,217,263,219,71,134,389,717,710,458,302,223,147,63
2012-05-09,2,1,5,0,3,1,2,0.575,0.553025,0.744167,0.216412,4717,35,14,1,2,5,28,126,418,622,325,153,201,280,266,243,259,357,705,372,98,51,34,67,55
2012-05-10,2,1,5,0,4,1,1,0.505833,0.491783,0.552083,0.314063,6572,33,11,3,3,2,24,139,401,630,361,154,256,272,318,247,271,421,732,770,553,374,230,232,135
2012-05-11,2,1,5,0,5,1,1,0.533333,0.520833,0.360417,0.236937,7030,64,46,31,13,9,26,135,351,620,322,210,291,348,363,334,439,525,779,596,503,341,270,234,180
2012-05-12,2,1,5,0,6,0,1,0.564167,0.544817,0.480417,0.123133,7429,136,93,56,34,9,13,33,67,178,335,411,522,559,659,615,590,591,576,546,439,287,230,274,176
2012-05-13,2,1,5,0,0,0,1,0.6125,0.585238,0.57625,0.225117,6118,98,94,82,28,9,12,21,60,156,222,350,428,531,602,552,499,564,478,389,339,230,169,131,74
2012-05-14,2,1,5,0,1,1,2,0.573333,0.5499,0.789583,0.212692,2843,35,11,2,2,6,26,65,75,156,110,59,79,185,176,171,196,111,229,300,304,189,152,129,75
2012-05-15,2,1,5,0,2,1,2,0.611667,0.576404,0.794583,0.147392,5115,32,19,4,6,5,8,24,92,409,355,171,224,264,239,184,256,374,678,733,512,263,109,83,71
2012-05-16,2,1,5,0,3,1,1,0.636667,0.595975,0.697917,0.122512,7424,39,21,19,6,4,38,158,440,650,347,192,267,330,350,263,274,446,873,846,590,459,393,286,133
2012-05-17,2,1,5,0,4,1,1,0.593333,0.572613,0.52,0.229475,7384,79,28,16,3,16,35,159,474,634,346,205,279,348,327,270,316,430,852,868,537,446,299,251,166
2012-05-18,2,1,5,0,5,1,1,0.564167,0.551121,0.523333,0.136817,7639,70,49,21,14,11,34,182,515,745,361,255,334,360,395,350,391,568,812,669,483,337,258,251,174
2012-05-19,2,1,5,0,6,0,1,0.6,0.566908,0.45625,0.083975,8294,148,104,69,33,14,12,50,95,195,292,452,586,642,704,730,672,642,626,645,432,315,259,338,239
2012-05-20,2,1,5,0,0,0,1,0.620833,0.583967,0.530417,0.254367,7129,170,130,98,66,16,8,25,90,171,313,432,581,637,607,543,502,577,549,474,402,274,233,145,86
2012-05-21,2,1,5,0,1,1,2,0.598333,0.565667,0.81125,0.233204,4359,40,15,11,2,7,15,79,153,270,186,99,106,170,184,180,225,315,508,530,448,336,241,142,97
2012-05-22,2,1,5,0,2,1,2,0.615,0.580825,0.765833,0.118167,6073,36,27,11,5,7,17,137,324,590,333,200,189,254,243,222,245,386,785,785,364,373,261,174,105
2012-05-23,2,1,5,0,3,1,2,0.621667,0.584612,0.774583,0.102,5260,47,32,12,5,3,35,160,468,719,297,191,197,248,270,248,257,278,285,327,376,295,245,159,106
2012-05-24,2,1,5,0,4,1,1,0.655,0.6067,0.716667,0.172896,6770,56,30,16,4,5,30,156,415,692,301,185,221,289,302,252,291,390,798,752,492,398,285,243,167
2012-05-25,2,1,5,0,5,1,1,0.68,0.627529,0.747083,0.14055,6734,73,42,23,14,9,30,113,359,583,340,232,283,321,333,367,466,584,653,522,404,350,255,212,166
2012-05-26,2,1,5,0,6,0,1,0.6925,0.642696,0.7325,0.198992,6536,116,82,64,31,2,10,31,54,141,289,437,520,529,539,564,513,504,462,415,373,255,251,204,150
2012-05-27,2,1,5,0,0,0,1,0.69,0.641425,0.697083,0.215171,6591,137,78,61,36,11,7,22,52,151,270,424,519,570,498,547,535,501,522,518,442,392,143,59,96
2012-05-28,2,1,5,1,1,0,1,0.7125,0.6793,0.67625,0.196521,6043,65,59,48,18,6,9,20,67,155,263,364,476,525,556,465,460,501,405,383,395,317,247,157,82
2012-05-29,2,1,5,0,2,1,1,0.7225,0.672992,0.684583,0.2954,5743,45,14,8,3,5,33,154,450,634,257,183,197,237,239,238,256,393,781,710,526,204,71,55,50
2012-05-30,2,1,5,0,3,1,2,0.656667,0.611129,0.67,0.134329,6855,36,4,5,5,6,41,144,483,671,305,177,208,253,289,252,275,398,839,796,556,431,304,217,160
2012-05-31,2,1,5,0,4,1,1,0.68,0.631329,0.492917,0.195279,7338,61,26,14,8,8,33,178,507,693,311,220,218,292,293,254,290,487,827,785,591,479,359,264,140
2012-06-01,2,1,6,0,5,1,2,0.654167,0.607962,0.755417,0.237563,4127,86,34,16,4,6,45,141,402,694,298,204,235,310,316,254,258,222,227,110,45,39,85,23,73
2012-06-02,2,1,6,0,6,0,1,0.583333,0.566288,0.549167,0.186562,8120,86,76,41,26,13,12,36,86,210,332,493,536,668,679,647,702,644,586,512,554,399,316,228,238
2012-06-03,2,1,6,0,0,0,1,0.6025,0.575133,0.493333,0.184087,7641,169,121,89,50,13,12,22,35,140,300,404,511,684,686,678,644,662,578,496,453,314,246,226,108
2012-06-04,2,1,6,0,1,1,1,0.5975,0.578283,0.487083,0.284833,6998,49,14,11,5,8,35,139,517,665,282,187,239,282,274,270,292,448,834,822,645,461,265,168,86
2012-06-05,2,1,6,0,2,1,2,0.540833,0.525892,0.613333,0.209575,7001,34,20,8,5,5,36,184,569,710,335,176,227,247,267,276,272,473,850,790,513,415,283,193,113
2012-06-06,2,1,6,0,3,1,1,0.554167,0.542292,0.61125,0.077125,7055,49,27,11,8,10,38,172,547,668,303,203,226,315,303,302,300,452,724,782,538,408,298,248,123
2012-06-07,2,1,6,0,4,1,1,0.6025,0.569442,0.567083,0.15735,7494,59,22,12,5,6,34,170,526,681,337,210,237,336,315,265,333,466,869,813,602,478,313,228,177
2012-06-08,2,1,6,0,5,1,1,0.649167,0.597862,0.467917,0.175383,7736,77,29,19,8,10,29,139,428,700,382,249,264,369,416,373,397,523,793,723,555,408,339,291,215
2012-06-09,2,1,6,0,6,0,1,0.710833,0.648367,0.437083,0.144287,7498,206,123,89,40,8,19,80,87,244,340,466,569,531,585,593,555,534,495,451,360,363,316,214,230
2012-06-10,2,1,6,0,0,0,1,0.726667,0.663517,0.538333,0.133721,6598,158,116,73,29,10,13,30,62,181,266,413,499,502,492,500,475,508,521,490,375,363,253,159,110
2012-06-11,2,1,6,0,1,1,2,0.720833,0.659721,0.587917,0.207713,6664,41,24,17,6,7,37,144,503,651,316,147,202,261,248,259,259,427,800,831,596,394,250,164,80
2012-06-12,2,1,6,0,2,1,2,0.653333,0.597875,0.833333,0.214546,4972,28,16,6,12,4,29,136,303,613,285,125,65,95,59,60,116,239,681,653,491,386,274,207,89
2012-06-13,2,1,6,0,3,1,1,0.655833,0.611117,0.582083,0.343279,7421,34,28,4,8,10,40,194,505,713,352,198,246,334,255,320,281,392,857,744,671,448,396,238,153
2012-06-14,2,1,6,0,4,1,1,0.648333,0.624383,0.569583,0.253733,7363,48,21,9,5,6,40,181,506,719,357,179,228,265,284,298,324,438,867,823,579,435,337,242,172
2012-06-15,2,1,6,0,5,1,1,0.639167,0.599754,0.589583,0.176617,7665,94,51,15,5,14,33,151,430,653,366,216,286,403,393,376,377,558,823,693,467,385,333,321,222
2012-06-16,2,1,6,0,6,0,1,0.631667,0.594708,0.504167,0.166667,7702,137,95,67,27,8,23,47,78,204,367,435,566,603,617,573,583,542,593,571,461,352,290,280,183
2012-06-17,2,1,6,0,0,0,1,0.5925,0.571975,0.59875,0.144904,6978,148,88,74,28,18,17,23,48,119,274,436,546,615,614,582,463,580,593,513,390,302,246,153,108
2012-06-18,2,1,6,0,1,1,2,0.568333,0.544842,0.777917,0.174746,5099,40,14,9,4,9,23,37,145,474,250,91,121,168,225,219,237,332,723,642,463,362,273,164,74
2012-06-19,2,1,6,0,2,1,1,0.688333,0.654692,0.69,0.148017,6825,35,14,15,8,10,37,161,480,673,328,180,230,292,272,227,259,334,811,795,514,458,276,291,125
2012-06-20,2,1,6,0,3,1,1,0.7825,0.720975,0.592083,0.113812,6211,53,27,6,8,7,39,165,464,643,316,167,188,180,211,190,179,335,691,672,539,407,344,257,123
2012-06-21,3,1,6,0,4,1,1,0.805833,0.752542,0.567917,0.118787,5905,69,18,18,11,12,40,150,463,590,256,150,161,215,172,176,194,320,615,640,499,436,311,243,146
2012-06-22,3,1,6,0,5,1,1,0.7775,0.724121,0.57375,0.182842,5823,93,31,12,7,10,38,122,359,613,333,185,236,254,300,263,284,380,646,505,362,202,217,197,174
2012-06-23,3,1,6,0,6,0,1,0.731667,0.652792,0.534583,0.179721,7458,116,123,93,42,19,12,47,78,167,332,494,516,602,564,609,483,513,530,481,425,386,322,279,225
2012-06-24,3,1,6,0,0,0,1,0.743333,0.674254,0.479167,0.145525,6891,163,127,114,60,13,8,25,71,141,232,452,506,556,585,551,487,461,532,534,423,332,253,178,87
2012-06-25,3,1,6,0,1,1,1,0.715833,0.654042,0.504167,0.300383,6779,68,31,14,5,4,43,158,485,608,268,184,181,270,260,251,233,414,833,791,582,475,331,187,103
2012-06-26,3,1,6,0,2,1,1,0.630833,0.594704,0.373333,0.347642,7442,37,30,9,9,10,39,188,552,656,328,190,235,308,306,267,317,416,900,824,612,505,328,245,131
2012-06-27,3,1,6,0,3,1,1,0.6975,0.640792,0.36,0.271775,7335,54,23,14,8,11,36,200,527,687,282,172,209,322,321,270,249,392,843,804,643,445,367,297,159
2012-06-28,3,1,6,0,4,1,1,0.749167,0.675512,0.4225,0.17165,6879,54,25,13,7,11,47,193,508,617,351,184,211,276,236,254,219,387,705,697,571,470,398,274,171
2012-06-29,3,1,6,0,5,1,1,0.834167,0.786613,0.48875,0.165417,5463,114,42,18,8,10,45,163,380,624,300,171,188,226,239,233,230,351,539,464,363,308,236,163,48
2012-06-30,3,1,6,0,6,0,1,0.765,0.687508,0.60125,0.161071,5687,69,58,61,23,18,10,42,92,194,275,404,452,471,428,409,404,373,362,339,374,292,213,172,152
2012-07-01,3,1,7,0,0,0,1,0.815833,0.750629,0.51875,0.168529,5531,149,93,90,33,4,10,27,50,142,219,366,377,433,420,444,345,313,413,370,382,332,258,151,110
2012-07-02,3,1,7,0,1,1,1,0.781667,0.702038,0.447083,0.195267,6227,43,17,15,5,12,40,136,398,568,295,174,201,257,236,230,234,365,747,730,581,395,258,188,102
2012-07-03,3,1,7,0,2,1,1,0.780833,0.70265,0.492083,0.126237,6660,53,14,10,2,6,35,154,483,646,272,209,217,272,283,310,401,527,722,627,497,376,196,177,171
2012-07-04,3,1,7,1,3,0,1,0.789167,0.732337,0.53875,0.13495,7403,159,123,93,32,16,19,32,72,153,293,447,485,494,499,547,454,389,414,430,432,551,584,502,183
2012-07-05,3,1,7,0,4,1,1,0.8275,0.761367,0.457917,0.194029,6241,88,30,18,7,7,29,133,343,550,293,186,244,276,310,241,254,433,689,607,503,321,323,225,131
2012-07-06,3,1,7,0,5,1,1,0.828333,0.752533,0.450833,0.146142,6207,102,29,17,7,6,35,131,353,585,304,210,233,331,293,275,285,369,576,560,418,336,300,288,164
2012-07-07,3,1,7,0,6,0,1,0.861667,0.804913,0.492083,0.163554,4840,150,71,58,31,16,14,31,71,152,256,325,367,342,360,308,306,294,279,277,287,276,201,220,148
2012-07-08,3,1,7,0,0,0,1,0.8225,0.790396,0.57375,0.125629,4672,147,124,70,35,13,6,21,52,130,242,319,389,376,337,312,298,291,270,253,250,285,207,122,123
2012-07-09,3,1,7,0,1,1,2,0.710833,0.654054,0.683333,0.180975,6569,39,18,5,5,2,28,92,230,455,363,175,216,266,255,242,280,413,849,872,631,447,331,224,131
2012-07-10,3,1,7,0,2,1,2,0.720833,0.664796,0.6675,0.151737,6290,69,15,16,3,4,42,187,520,649,331,190,249,272,280,242,265,435,872,819,414,84,90,139,103
2012-07-11,3,1,7,0,3,1,1,0.716667,0.650271,0.633333,0.151733,7264,44,14,5,5,7,41,185,497,674,328,195,229,292,273,241,276,411,830,814,633,483,391,244,152
2012-07-12,3,1,7,0,4,1,1,0.715833,0.654683,0.529583,0.146775,7446,56,21,9,10,5,44,178,512,702,327,214,215,292,277,209,271,439,795,825,629,514,373,318,211
2012-07-13,3,1,7,0,5,1,2,0.731667,0.667933,0.485833,0.08085,7499,95,59,17,9,11,34,127,380,713,414,268,288,379,374,369,353,492,835,631,488,389,299,263,212
2012-07-14,3,1,7,0,6,0,2,0.703333,0.666042,0.699167,0.143679,6969,191,118,101,40,9,5,35,48,151,282,401,439,499,591,632,560,566,458,351,431,356,269,225,211
2012-07-15,3,1,7,0,0,0,1,0.745833,0.705196,0.717917,0.166667,6031,187,168,115,57,19,9,15,47,133,221,382,451,489,480,476,489,495,436,312,312,294,223,130,91
2012-07-16,3,1,7,0,1,1,1,0.763333,0.724125,0.645,0.164187,6830,43,11,15,6,12,50,140,483,667,348,186,182,237,239,212,237,386,755,794,595,454,328,284,166
2012-07-17,3,1,7,0,2,1,1,0.818333,0.755683,0.505833,0.114429,6786,53,25,7,3,7,38,213,526,661,320,159,206,254,221,214,244,381,770,772,547,427,333,244,161
2012-07-18,3,1,7,0,3,1,1,0.793333,0.745583,0.577083,0.137442,5713,53,16,8,4,6,46,162,495,679,297,138,183,202,203,170,194,224,370,643,516,366,319,288,131
2012-07-19,3,1,7,0,4,1,1,0.77,0.714642,0.600417,0.165429,6591,66,25,7,5,8,40,152,473,657,318,198,216,274,254,197,292,358,771,777,533,505,332,68,65
2012-07-20,3,1,7,0,5,1,2,0.665833,0.613025,0.844167,0.208967,5870,34,11,19,36,9,42,126,360,691,373,233,212,274,156,229,216,436,715,622,402,251,122,135,166
2012-07-21,3,1,7,0,6,0,3,0.595833,0.549912,0.865417,0.2133,4459,103,72,60,25,16,17,15,37,112,207,268,305,457,354,343,380,326,241,177,238,214,163,180,149
2012-07-22,3,1,7,0,0,0,2,0.6675,0.623125,0.7625,0.0939208,7410,113,130,122,43,16,6,19,38,153,258,379,505,504,626,616,624,628,556,515,522,378,345,191,123
2012-07-23,3,1,7,0,1,1,1,0.741667,0.690017,0.694167,0.138683,6966,47,27,17,2,8,51,157,421,738,345,200,198,314,240,271,281,457,847,741,582,403,296,209,114
2012-07-24,3,1,7,0,2,1,1,0.750833,0.70645,0.655,0.211454,7592,64,17,16,6,6,50,190,516,743,339,218,201,229,273,244,285,455,869,877,632,523,378,269,192
2012-07-25,3,1,7,0,3,1,1,0.724167,0.654054,0.45,0.1648,8173,66,28,12,12,4,59,190,507,788,342,231,281,310,312,247,317,484,913,891,698,567,397,278,239
2012-07-26,3,1,7,0,4,1,1,0.776667,0.739263,0.596667,0.284813,6861,92,29,21,8,4,42,181,495,729,344,222,212,279,242,213,238,374,738,688,614,446,271,234,145
2012-07-27,3,1,7,0,5,1,1,0.781667,0.734217,0.594583,0.152992,6904,97,54,26,12,8,37,139,410,676,363,231,251,299,314,326,323,499,699,622,516,354,260,199,189
2012-07-28,3,1,7,0,6,0,1,0.755833,0.697604,0.613333,0.15735,6685,191,80,90,43,11,14,50,76,163,337,395,457,487,498,494,497,487,479,481,338,233,300,276,208
2012-07-29,3,1,7,0,0,0,1,0.721667,0.667933,0.62375,0.170396,6597,188,158,112,55,13,17,18,40,127,226,381,509,511,483,522,501,521,531,419,443,303,271,148,100
2012-07-30,3,1,7,0,1,1,1,0.730833,0.684987,0.66875,0.153617,7105,58,19,8,3,5,47,161,469,751,293,189,215,278,226,254,236,425,827,812,665,462,322,230,150
2012-07-31,3,1,7,0,2,1,1,0.713333,0.662896,0.704167,0.165425,7216,38,21,8,6,6,45,194,513,760,333,227,224,248,288,260,144,402,820,857,614,452,352,257,147
2012-08-01,3,1,8,0,3,1,1,0.7175,0.667308,0.6775,0.141179,7580,47,33,13,7,4,49,185,487,681,350,236,234,284,280,263,295,479,837,891,652,513,320,288,152
2012-08-02,3,1,8,0,4,1,1,0.7525,0.707088,0.659583,0.129354,7261,63,42,11,6,9,41,183,473,739,343,181,226,286,310,225,270,406,865,767,607,427,342,262,177
2012-08-03,3,1,8,0,5,1,2,0.765833,0.722867,0.6425,0.215792,7175,71,43,14,6,12,37,163,421,668,396,249,263,338,345,331,380,492,741,671,469,389,278,202,196
2012-08-04,3,1,8,0,6,0,1,0.793333,0.751267,0.613333,0.257458,6824,161,122,84,30,13,17,49,67,181,278,396,470,547,527,472,489,450,492,490,397,312,289,269,222
2012-08-05,3,1,8,0,0,0,1,0.769167,0.731079,0.6525,0.290421,5464,153,87,73,41,14,19,19,68,108,229,364,437,491,523,526,450,421,382,229,185,193,208,157,87
2012-08-06,3,1,8,0,1,1,2,0.7525,0.710246,0.654167,0.129354,7013,33,11,5,5,11,25,141,407,605,276,213,260,285,289,287,274,451,858,843,640,457,317,207,113
2012-08-07,3,1,8,0,2,1,2,0.735833,0.697621,0.70375,0.116908,7273,47,18,13,6,9,36,179,502,705,327,250,214,283,253,261,306,445,868,814,610,448,317,224,138
2012-08-08,3,1,8,0,3,1,2,0.75,0.707717,0.672917,0.1107,7534,58,23,6,7,7,43,173,482,737,341,214,239,280,313,236,278,441,858,862,686,500,381,233,136
2012-08-09,3,1,8,0,4,1,1,0.755833,0.699508,0.620417,0.1561,7286,67,28,14,6,10,41,167,475,698,353,205,260,277,281,247,267,417,810,811,623,478,336,259,156
2012-08-10,3,1,8,0,5,1,2,0.715833,0.667942,0.715833,0.238813,5786,85,41,20,9,7,33,44,133,119,220,193,251,315,290,307,324,467,730,640,492,370,286,218,192
2012-08-11,3,1,8,0,6,0,2,0.6925,0.638267,0.732917,0.206479,6299,180,116,85,21,10,11,23,62,162,271,407,499,546,569,538,562,531,512,300,275,160,128,168,163
2012-08-12,3,1,8,0,0,0,1,0.700833,0.644579,0.530417,0.122512,6544,120,113,86,48,10,10,16,39,119,217,328,449,505,543,579,577,513,505,491,465,300,220,181,110
2012-08-13,3,1,8,0,1,1,1,0.720833,0.662254,0.545417,0.136212,6883,47,14,9,6,11,36,159,436,673,305,199,245,276,254,248,274,464,818,812,555,432,290,192,128
2012-08-14,3,1,8,0,2,1,1,0.726667,0.676779,0.686667,0.169158,6784,60,27,11,3,5,36,64,179,618,402,208,196,300,286,255,283,458,812,854,627,436,308,189,167
2012-08-15,3,1,8,0,3,1,1,0.706667,0.654037,0.619583,0.169771,7347,60,37,8,11,4,39,172,492,682,367,233,235,307,294,255,266,431,851,848,649,427,315,226,138
2012-08-16,3,1,8,0,4,1,1,0.719167,0.654688,0.519167,0.141796,7605,76,21,15,4,5,37,165,464,682,337,199,274,343,300,248,260,419,897,832,677,514,356,254,226
2012-08-17,3,1,8,0,5,1,1,0.723333,0.2424,0.570833,0.231354,7148,88,54,19,6,9,36,157,379,668,378,231,303,365,357,328,383,488,791,669,491,359,255,213,121
2012-08-18,3,1,8,0,6,0,1,0.678333,0.618071,0.603333,0.177867,7865,105,92,43,30,13,9,27,64,189,292,480,536,654,644,598,596,641,635,554,488,341,338,261,235
2012-08-19,3,1,8,0,0,0,2,0.635833,0.603554,0.711667,0.08645,4549,187,131,119,55,26,11,20,41,124,270,425,272,298,162,149,276,356,343,377,341,274,190,56,46
2012-08-20,3,1,8,0,1,1,2,0.635833,0.595967,0.734167,0.129979,6530,26,10,5,3,7,37,161,442,655,357,193,241,282,291,275,309,460,893,815,299,261,245,161,102
2012-08-21,3,1,8,0,2,1,1,0.649167,0.601025,0.67375,0.0727708,7006,59,33,8,3,4,34,169,519,723,328,178,256,305,331,302,302,467,878,625,476,358,280,232,136
2012-08-22,3,1,8,0,3,1,1,0.6675,0.621854,0.677083,0.0702833,7375,55,21,17,7,8,40,187,553,740,376,225,267,312,316,266,316,460,783,683,580,391,351,281,140
2012-08-23,3,1,8,0,4,1,1,0.695833,0.637008,0.635833,0.0845958,7765,60,25,20,9,6,37,192,481,707,412,233,278,332,346,305,305,465,820,941,633,474,329,198,157
2012-08-24,3,1,8,0,5,1,2,0.7025,0.6471,0.615,0.0721458,7582,111,42,16,8,8,38,151,425,744,389,262,281,371,351,338,350,515,812,736,536,363,306,251,178
2012-08-25,3,1,8,0,6,0,2,0.661667,0.618696,0.712917,0.244408,6053,135,115,79,38,12,14,30,102,162,288,442,457,584,517,482,233,434,403,383,354,241,208,182,158
2012-08-26,3,1,8,0,0,0,2,0.653333,0.595996,0.845833,0.228858,5255,134,134,116,53,16,16,21,34,133,263,385,482,626,541,377,391,173,233,264,292,211,166,114,80
2012-08-27,3,1,8,0,1,1,1,0.703333,0.654688,0.730417,0.128733,6917,32,7,8,4,12,36,145,433,699,342,206,229,283,288,246,282,444,845,834,573,416,278,161,114
2012-08-28,3,1,8,0,2,1,1,0.728333,0.66605,0.62,0.190925,7040,38,21,15,4,8,42,147,269,693,395,204,218,297,288,251,317,480,864,818,597,435,314,216,109
2012-08-29,3,1,8,0,3,1,1,0.685,0.635733,0.552083,0.112562,7697,47,14,6,9,10,40,181,554,808,348,178,253,360,300,301,338,493,870,812,643,427,313,235,157
2012-08-30,3,1,8,0,4,1,1,0.706667,0.652779,0.590417,0.0771167,7713,65,23,17,5,8,35,163,532,754,396,234,276,294,290,273,338,482,844,853,610,471,307,291,152
2012-08-31,3,1,8,0,5,1,1,0.764167,0.6894,0.5875,0.168533,7350,82,32,20,5,7,29,108,421,690,398,256,309,410,368,436,526,528,617,546,452,356,303,277,174
2012-09-01,3,1,9,0,6,0,2,0.753333,0.702654,0.638333,0.113187,6140,168,79,69,35,12,22,36,66,162,237,417,492,471,504,514,563,462,463,442,392,207,104,78,145
2012-09-02,3,1,9,0,0,0,2,0.696667,0.649,0.815,0.0640708,5810,99,73,84,42,22,12,15,42,129,232,388,489,545,493,457,355,474,503,500,292,104,171,166,123
2012-09-03,3,1,9,1,1,0,1,0.7075,0.661629,0.790833,0.151121,6034,104,55,40,28,11,4,15,43,127,229,359,459,543,566,512,449,500,498,482,374,261,184,121,70
2012-09-04,3,1,9,0,2,1,1,0.725833,0.686888,0.755,0.236321,6864,29,24,5,10,8,38,172,493,632,323,172,198,287,275,274,292,458,856,839,552,385,268,179,95
2012-09-05,3,1,9,0,3,1,1,0.736667,0.708983,0.74125,0.187808,7112,37,13,9,4,5,40,210,500,725,290,235,217,266,234,211,245,430,863,839,662,412,296,219,150
2012-09-06,3,1,9,0,4,1,2,0.696667,0.655329,0.810417,0.142421,6203,65,18,8,9,8,38,200,482,646,123,49,62,137,191,216,270,416,808,835,558,406,272,217,169
2012-09-07,3,1,9,0,5,1,1,0.703333,0.657204,0.73625,0.171646,7504,96,29,11,9,8,40,140,486,719,344,224,296,323,354,253,331,470,772,792,568,391,301,299,248
2012-09-08,3,1,9,0,6,0,2,0.659167,0.611121,0.799167,0.281104,5976,150,117,77,43,11,15,34,82,230,348,422,578,694,668,626,512,114,171,167,215,194,181,194,133
2012-09-09,3,1,9,0,0,0,1,0.61,0.578925,0.5475,0.224496,8227,124,124,96,46,28,55,35,70,170,299,495,585,757,729,647,696,701,671,560,496,356,206,189,92
2012-09-10,3,1,9,0,1,1,1,0.583333,0.565654,0.50375,0.258713,7525,41,18,17,12,5,40,180,447,730,361,210,236,332,323,340,346,488,871,968,633,390,285,159,93
2012-09-11,3,1,9,0,2,1,1,0.5775,0.554292,0.52,0.0920542,7767,32,10,6,8,9,44,211,596,750,358,196,247,316,328,255,326,536,970,877,596,461,310,216,109
2012-09-12,3,1,9,0,3,1,1,0.599167,0.570075,0.577083,0.131846,7870,49,21,11,7,5,48,205,557,770,328,205,232,352,323,278,318,509,925,977,635,470,306,212,127
2012-09-13,3,1,9,0,4,1,1,0.6125,0.579558,0.637083,0.0827208,7804,57,28,9,11,6,57,195,571,758,338,212,254,297,283,274,352,491,884,852,674,463,317,251,170
2012-09-14,3,1,9,0,5,1,1,0.633333,0.594083,0.6725,0.103863,8009,87,41,30,14,12,41,152,454,766,347,246,280,409,408,371,367,563,894,808,579,404,312,229,195
2012-09-15,3,1,9,0,6,0,1,0.608333,0.585867,0.501667,0.247521,8714,207,109,93,37,6,16,33,73,212,342,442,627,706,704,715,654,783,729,614,478,330,296,279,229
2012-09-16,3,1,9,0,0,0,1,0.58,0.563125,0.57,0.0901833,7333,151,117,89,48,8,13,35,71,128,296,490,559,656,694,635,557,596,570,481,403,324,191,127,94
2012-09-17,3,1,9,0,1,1,2,0.580833,0.55305,0.734583,0.151742,6869,45,21,13,7,11,45,164,492,683,299,202,252,295,343,332,338,453,842,774,486,340,233,129,70
2012-09-18,3,1,9,0,2,1,2,0.623333,0.565067,0.8725,0.357587,4073,13,5,4,6,7,48,167,356,672,293,160,151,88,114,143,36,141,338,281,324,290,207,151,78
2012-09-19,3,1,9,0,3,1,1,0.5525,0.540404,0.536667,0.215175,7591,26,12,3,5,10,56,172,545,797,362,192,247,313,289,286,311,466,886,892,611,409,349,229,123
2012-09-20,3,1,9,0,4,1,1,0.546667,0.532192,0.618333,0.118167,7720,58,18,11,6,6,56,170,534,790,355,190,243,290,336,298,291,457,976,900,603,417,274,287,154
2012-09-21,3,1,9,0,5,1,1,0.599167,0.571971,0.66875,0.154229,8167,66,49,14,12,10,49,165,503,757,383,225,321,389,421,412,423,567,846,805,588,369,312,295,186
2012-09-22,3,1,9,0,6,0,1,0.65,0.610488,0.646667,0.283583,8395,172,124,83,45,15,17,41,77,218,377,474,626,688,707,654,750,680,646,598,407,325,261,239,171
2012-09-23,4,1,9,0,0,0,1,0.529167,0.518933,0.467083,0.223258,7907,180,142,95,54,10,6,16,57,175,276,489,570,776,702,666,640,691,723,540,413,252,196,138,100
2012-09-24,4,1,9,0,1,1,1,0.514167,0.502513,0.492917,0.142404,7436,64,18,8,5,8,37,168,530,750,328,198,238,342,328,303,300,516,898,853,590,432,256,172,94
2012-09-25,4,1,9,0,2,1,1,0.55,0.544179,0.57,0.236321,7538,64,13,14,5,9,47,194,556,805,409,170,218,302,305,293,303,495,967,822,539,425,297,188,98
2012-09-26,4,1,9,0,3,1,1,0.635,0.596613,0.630833,0.2444,7733,40,29,17,10,14,36,182,532,838,334,185,227,316,340,277,300,468,953,884,627,434,360,215,115
2012-09-27,4,1,9,0,4,1,2,0.65,0.607975,0.690833,0.134342,7393,65,21,16,7,8,66,169,558,794,335,208,294,335,326,258,296,472,905,899,559,457,253,47,45
2012-09-28,4,1,9,0,5,1,2,0.619167,0.585863,0.69,0.164179,7415,17,13,10,7,12,38,138,394,705,426,245,361,380,410,399,392,502,808,667,508,336,237,220,190
2012-09-29,4,1,9,0,6,0,1,0.5425,0.530296,0.542917,0.227604,8555,149,101,92,29,14,15,37,73,211,332,472,663,682,686,750,727,722,712,594,470,315,292,221,196
2012-09-30,4,1,9,0,0,0,1,0.526667,0.517663,0.583333,0.134958,6889,147,116,92,58,7,10,22,57,144,285,479,591,680,594,612,649,648,575,401,257,194,123,91,57
2012-10-01,4,1,10,0,1,1,2,0.520833,0.512,0.649167,0.0908042,6778,45,18,12,7,10,36,155,483,784,340,179,272,323,305,244,329,459,856,613,516,262,218,207,105
2012-10-02,4,1,10,0,2,1,3,0.590833,0.542333,0.871667,0.104475,4639,31,11,2,5,10,43,179,260,134,86,45,99,104,154,163,209,374,715,687,395,306,289,240,98
2012-10-03,4,1,10,0,3,1,2,0.6575,0.599133,0.79375,0.0665458,7572,52,19,9,7,11,34,177,515,809,362,175,230,358,279,251,319,478,917,810,593,497,209,241,220
2012-10-04,4,1,10,0,4,1,2,0.6575,0.607975,0.722917,0.117546,7328,76,25,13,11,10,39,133,391,738,359,177,214,288,294,267,325,497,901,887,534,441,321,232,155
2012-10-05,4,1,10,0,5,1,1,0.615,0.580187,0.6275,0.10635,8156,102,46,11,16,11,41,137,428,785,384,260,304,468,424,400,470,634,900,761,500,372,267,264,171
2012-10-06,4,1,10,0,6,0,1,0.554167,0.538521,0.664167,0.268025,7965,191,141,75,56,11,10,30,84,206,395,539,647,743,710,576,620,659,610,495,341,247,215,185,179
2012-10-07,4,1,10,0,0,0,2,0.415833,0.419813,0.708333,0.141162,3510,127,109,74,22,11,10,23,35,62,86,185,336,392,320,314,306,333,157,106,114,116,113,79,80
2012-10-08,4,1,10,1,1,0,2,0.383333,0.387608,0.709583,0.189679,5478,51,37,15,10,7,19,59,154,397,332,298,308,341,405,420,370,377,497,456,371,227,151,107,69
2012-10-09,4,1,10,0,2,1,2,0.446667,0.438112,0.761667,0.1903,6392,31,13,7,3,7,19,143,362,713,382,164,193,260,238,244,254,424,806,784,514,360,225,162,84
2012-10-10,4,1,10,0,3,1,1,0.514167,0.503142,0.630833,0.187821,7691,33,8,8,6,6,40,175,507,839,366,217,291,390,297,271,319,566,948,844,566,392,269,197,136
2012-10-11,4,1,10,0,4,1,1,0.435,0.431167,0.463333,0.181596,7570,42,11,11,3,10,42,159,478,798,355,204,251,326,291,348,460,481,827,692,743,415,260,177,186
2012-10-12,4,1,10,0,5,1,1,0.4375,0.433071,0.539167,0.235092,7282,68,37,16,6,8,35,143,392,745,400,275,313,387,381,371,455,520,837,642,493,308,190,160,100
2012-10-13,4,1,10,0,6,0,1,0.393333,0.391396,0.494583,0.146142,7109,249,146,67,15,11,11,28,70,174,266,347,527,573,670,597,615,637,528,473,332,255,204,189,125
2012-10-14,4,1,10,0,0,0,1,0.521667,0.508204,0.640417,0.278612,6639,111,112,66,28,12,11,24,51,132,223,428,494,562,619,617,568,581,539,453,336,246,196,125,105
2012-10-15,4,1,10,0,1,1,2,0.561667,0.53915,0.7075,0.296037,5875,48,29,6,4,10,40,147,476,737,359,168,263,284,146,185,260,447,766,592,239,256,206,126,81
2012-10-16,4,1,10,0,2,1,1,0.468333,0.460846,0.558333,0.182221,7534,48,13,3,2,7,52,172,525,835,355,222,228,325,328,308,346,446,943,838,531,432,195,181,199
2012-10-17,4,1,10,0,3,1,1,0.455833,0.450108,0.692917,0.101371,7461,49,17,16,7,4,41,178,464,817,382,228,234,332,310,270,301,466,888,884,516,414,329,215,99
2012-10-18,4,1,10,0,4,1,2,0.5225,0.512625,0.728333,0.236937,7509,57,14,14,5,5,42,153,508,834,387,218,268,377,332,285,353,450,890,788,513,387,283,229,117
2012-10-19,4,1,10,0,5,1,2,0.563333,0.537896,0.815,0.134954,5424,56,16,10,5,6,36,131,154,467,389,224,252,332,375,365,395,565,425,233,232,229,206,190,131
2012-10-20,4,1,10,0,6,0,1,0.484167,0.472842,0.572917,0.117537,8090,123,95,78,29,18,13,31,65,193,363,423,612,703,714,711,711,691,731,521,345,259,296,202,163
2012-10-21,4,1,10,0,0,0,1,0.464167,0.456429,0.51,0.166054,6824,154,117,132,41,21,10,26,56,143,269,443,547,675,626,640,623,591,491,413,266,195,166,113,66
2012-10-22,4,1,10,0,1,1,1,0.4875,0.482942,0.568333,0.0814833,7058,31,11,5,6,7,46,144,452,728,360,212,211,283,315,282,296,524,922,786,514,403,174,183,163
2012-10-23,4,1,10,0,2,1,1,0.544167,0.530304,0.641667,0.0945458,7466,37,17,7,1,7,50,158,531,761,334,221,253,378,303,296,346,541,938,826,482,379,295,194,111
2012-10-24,4,1,10,0,3,1,1,0.5875,0.558721,0.63625,0.0727792,7693,46,27,6,4,6,53,173,526,801,373,171,236,316,306,301,308,532,963,858,572,441,313,238,123
2012-10-25,4,1,10,0,4,1,2,0.55,0.529688,0.800417,0.124375,7359,76,28,18,8,5,55,171,495,779,343,225,238,319,313,285,305,499,886,809,542,347,271,207,135
2012-10-26,4,1,10,0,5,1,2,0.545833,0.52275,0.807083,0.132467,7444,71,36,19,13,5,50,144,421,734,403,197,290,392,337,351,448,582,817,665,471,311,292,217,178
2012-10-27,4,1,10,0,6,0,2,0.53,0.515133,0.72,0.235692,7852,142,146,90,26,13,9,31,86,213,328,479,585,668,760,750,711,612,618,456,300,296,209,157,167
2012-10-28,4,1,10,0,0,0,2,0.4775,0.467771,0.694583,0.398008,4459,117,133,116,79,20,28,39,65,173,330,434,462,491,391,402,301,293,225,154,54,55,46,37,14
2012-10-29,4,1,10,0,1,1,3,0.44,0.4394,0.88,0.3582,22,22,0,0,0,0,0,0,0,0,0,0,0,0,0,0,0,0,0,0,0,0,0,0,0
2012-10-30,4,1,10,0,2,1,2,0.318182,0.309909,0.825455,0.213009,1096,0,0,0,0,0,0,0,0,0,0,0,0,0,116,126,124,98,124,143,115,81,64,66,39
2012-10-31,4,1,10,0,3,1,2,0.3575,0.3611,0.666667,0.166667,5566,16,8,7,3,5,24,116,337,621,297,168,189,241,213,224,230,424,723,584,410,268,192,165,101
2012-11-01,4,1,11,0,4,1,2,0.365833,0.369942,0.581667,0.157346,5986,60,30,20,15,10,40,148,420,680,331,146,170,221,248,185,214,344,689,678,452,296,267,202,120
2012-11-02,4,1,11,0,5,1,1,0.355,0.356042,0.522083,0.266175,5847,50,24,10,3,7,26,122,357,687,382,204,221,292,294,262,306,421,638,522,374,221,156,149,119
2012-11-03,4,1,11,0,6,0,2,0.343333,0.323846,0.49125,0.270529,5138,108,89,46,28,16,9,21,59,142,219,328,340,394,449,455,448,400,410,297,239,181,166,146,148
2012-11-04,4,1,11,0,0,0,1,0.325833,0.329538,0.532917,0.179108,5107,102,165,37,11,9,5,16,50,149,217,360,445,504,493,509,449,435,327,237,227,141,87,79,53
2012-11-05,4,1,11,0,1,1,1,0.319167,0.308075,0.494167,0.236325,5259,23,8,6,4,16,39,139,461,648,257,142,150,244,222,196,231,360,638,542,372,241,152,115,53
2012-11-06,4,1,11,0,2,1,1,0.280833,0.281567,0.567083,0.173513,5686,19,8,2,4,7,41,149,387,588,363,230,216,248,278,240,272,402,627,497,371,228,151,153,205
2012-11-07,4,1,11,0,3,1,2,0.295833,0.274621,0.5475,0.304108,5035,283,92,74,11,9,27,118,319,601,368,178,147,212,181,161,198,273,517,465,319,256,126,60,40
2012-11-08,4,1,11,0,4,1,1,0.352174,0.341891,0.333478,0.347835,5315,15,12,6,0,10,35,124,423,668,275,161,171,235,228,182,233,339,592,507,373,245,233,161,87
2012-11-09,4,1,11,0,5,1,1,0.361667,0.355413,0.540833,0.214558,5992,55,20,12,9,14,27,131,341,693,327,197,251,262,299,274,356,434,654,496,361,255,199,163,162
2012-11-10,4,1,11,0,6,0,1,0.389167,0.393937,0.645417,0.0578458,6536,122,76,44,20,6,10,16,71,146,259,350,466,606,651,627,567,605,501,359,283,192,220,193,146
2012-11-11,4,1,11,0,0,0,1,0.420833,0.421713,0.659167,0.1275,6852,124,108,70,48,11,12,19,68,119,273,405,504,585,686,654,724,653,493,405,277,200,171,134,109
2012-11-12,4,1,11,1,1,0,1,0.485,0.475383,0.741667,0.173517,6269,49,30,20,4,4,24,71,264,540,397,266,367,419,420,444,382,434,596,551,353,304,155,112,63
2012-11-13,4,1,11,0,2,1,2,0.343333,0.323225,0.662917,0.342046,4094,23,5,11,5,9,18,50,107,211,110,94,155,196,218,203,217,310,608,559,356,223,187,135,84
2012-11-14,4,1,11,0,3,1,1,0.289167,0.281563,0.552083,0.199625,5495,24,12,1,5,6,39,146,415,691,332,171,151,240,214,181,260,321,583,567,396,267,213,173,87
2012-11-15,4,1,11,0,4,1,2,0.321667,0.324492,0.620417,0.152987,5445,34,16,7,2,5,37,147,410,646,323,153,166,213,217,201,217,342,563,573,386,285,224,153,125
2012-11-16,4,1,11,0,5,1,1,0.345,0.347204,0.524583,0.171025,5698,65,21,9,6,5,36,130,367,711,351,198,218,290,278,251,267,383,580,505,332,227,178,162,128
2012-11-17,4,1,11,0,6,0,1,0.325,0.326383,0.545417,0.179729,5629,106,87,49,21,7,11,21,78,168,248,320,423,476,525,555,549,469,403,271,253,172,139,145,133
2012-11-18,4,1,11,0,0,0,1,0.3425,0.337746,0.692917,0.227612,4669,129,95,73,46,12,12,15,42,119,204,329,359,442,447,428,407,372,280,276,210,129,110,74,59
2012-11-19,4,1,11,0,1,1,2,0.380833,0.375621,0.623333,0.235067,5499,27,19,5,2,12,39,131,386,663,278,139,197,242,251,217,257,380,619,580,406,259,203,113,74
2012-11-20,4,1,11,0,2,1,2,0.374167,0.380667,0.685,0.082725,5634,29,13,5,2,6,34,148,418,665,326,176,205,313,267,224,287,395,590,550,384,235,157,122,83
2012-11-21,4,1,11,0,3,1,1,0.353333,0.364892,0.61375,0.103246,5146,26,14,8,2,10,29,101,273,551,365,172,241,344,365,413,449,469,374,311,243,136,105,88,57
2012-11-22,4,1,11,1,4,0,1,0.34,0.350371,0.580417,0.0528708,2425,46,42,18,6,3,8,17,56,97,119,219,232,262,269,220,228,182,109,70,44,52,46,44,36
2012-11-23,4,1,11,0,5,1,1,0.368333,0.378779,0.56875,0.148021,3910,32,13,5,1,4,10,20,77,94,112,201,251,379,424,435,447,357,300,208,154,142,98,79,67
2012-11-24,4,1,11,0,6,0,1,0.278333,0.248742,0.404583,0.376871,2277,42,20,32,11,3,3,10,25,62,122,142,186,199,225,207,198,170,126,145,83,58,75,76,57
2012-11-25,4,1,11,0,0,0,1,0.245833,0.257583,0.468333,0.1505,2424,34,36,28,8,2,3,11,21,34,96,139,204,202,195,203,245,228,181,141,127,119,64,62,41
2012-11-26,4,1,11,0,1,1,1,0.313333,0.339004,0.535417,0.04665,5087,23,10,5,5,10,41,124,365,638,286,147,130,210,217,228,230,346,553,521,371,277,181,104,65
2012-11-27,4,1,11,0,2,1,2,0.291667,0.281558,0.786667,0.237562,3959,26,6,5,4,5,31,100,293,500,268,57,65,76,77,94,155,257,527,482,350,232,185,97,67
2012-11-28,4,1,11,0,3,1,1,0.296667,0.289762,0.50625,0.210821,5260,23,12,1,3,4,39,136,409,692,322,161,146,208,214,176,179,325,563,542,387,263,223,154,78
2012-11-29,4,1,11,0,4,1,1,0.28087,0.298422,0.555652,0.115522,5323,29,16,7,0,7,42,121,362,679,299,178,163,236,224,187,220,370,561,537,344,252,208,151,130
2012-11-30,4,1,11,0,5,1,1,0.298333,0.323867,0.649583,0.0584708,5668,52,19,12,4,3,40,106,352,729,330,169,201,268,262,251,296,405,582,509,377,245,183,163,110
2012-12-01,4,1,12,0,6,0,2,0.298333,0.316904,0.806667,0.0597042,5191,108,69,50,15,5,13,27,63,144,193,256,392,446,509,479,484,443,320,297,249,198,158,147,126
2012-12-02,4,1,12,0,0,0,2,0.3475,0.359208,0.823333,0.124379,4649,117,94,74,25,7,8,16,31,93,172,293,355,520,431,473,417,443,303,203,174,154,99,96,51
2012-12-03,4,1,12,0,1,1,1,0.4525,0.455796,0.7675,0.0827208,6234,21,13,10,8,5,38,138,396,731,308,136,233,268,321,260,268,442,708,692,471,300,221,144,102
2012-12-04,4,1,12,0,2,1,1,0.475833,0.469054,0.73375,0.174129,6606,55,25,8,4,7,46,153,502,721,336,156,207,312,272,270,300,435,743,731,460,306,280,181,96
2012-12-05,4,1,12,0,3,1,1,0.438333,0.428012,0.485,0.324021,5729,37,11,9,7,10,49,124,398,759,388,141,172,232,214,218,285,377,605,609,414,293,198,105,74
2012-12-06,4,1,12,0,4,1,1,0.255833,0.258204,0.50875,0.174754,5375,44,16,9,2,9,32,124,389,659,276,145,178,235,245,212,270,331,617,565,373,227,191,133,93
2012-12-07,4,1,12,0,5,1,2,0.320833,0.321958,0.764167,0.1306,5008,48,28,11,5,10,26,84,215,441,301,166,203,240,220,215,303,375,568,498,352,241,171,165,122
2012-12-08,4,1,12,0,6,0,2,0.381667,0.389508,0.91125,0.101379,5582,103,100,70,29,12,6,20,39,111,170,287,404,486,547,542,541,507,345,304,246,182,209,160,162
2012-12-09,4,1,12,0,0,0,2,0.384167,0.390146,0.905417,0.157975,3228,118,102,78,48,12,8,6,23,69,103,219,250,315,285,232,225,253,229,198,122,108,96,78,51
2012-12-10,4,1,12,0,1,1,2,0.435833,0.435575,0.925,0.190308,5170,20,4,5,4,12,27,123,294,584,284,133,134,173,220,210,236,345,616,564,427,300,245,126,84
2012-12-11,4,1,12,0,2,1,2,0.353333,0.338363,0.596667,0.296037,5501,31,8,1,3,8,41,118,380,724,334,154,173,226,254,204,270,358,601,546,433,257,207,106,64
2012-12-12,4,1,12,0,3,1,2,0.2975,0.297338,0.538333,0.162937,5319,34,21,9,10,4,37,128,369,688,285,136,172,232,238,225,228,329,561,540,402,268,202,122,79
2012-12-13,4,1,12,0,4,1,1,0.295833,0.294188,0.485833,0.174129,5532,32,23,8,2,8,33,114,385,679,325,167,189,282,271,242,280,406,550,466,348,241,213,148,120
2012-12-14,4,1,12,0,5,1,1,0.281667,0.294192,0.642917,0.131229,5611,47,26,9,12,10,34,113,308,636,343,190,211,273,313,299,309,417,622,455,319,221,172,138,134
2012-12-15,4,1,12,0,6,0,1,0.324167,0.338383,0.650417,0.10635,5047,94,95,69,23,6,3,11,48,119,220,273,393,453,456,426,447,413,309,272,257,201,184,156,119
2012-12-16,4,1,12,0,0,0,2,0.3625,0.369938,0.83875,0.100742,3786,110,96,87,38,11,9,6,27,88,132,257,295,417,356,310,338,400,243,107,109,122,106,89,33
2012-12-17,4,1,12,0,1,1,2,0.393333,0.4015,0.907083,0.0982583,4585,28,15,5,3,5,24,108,319,592,282,135,170,232,210,181,211,302,495,507,340,200,120,54,47
2012-12-18,4,1,12,0,2,1,1,0.410833,0.409708,0.66625,0.221404,5557,18,15,7,5,8,36,118,355,662,326,184,269,313,286,247,246,363,572,525,353,268,168,132,81
2012-12-19,4,1,12,0,3,1,1,0.3325,0.342162,0.625417,0.184092,5267,41,15,3,5,7,31,112,363,678,317,164,200,236,213,218,237,334,562,569,336,241,168,129,88
2012-12-20,4,1,12,0,4,1,2,0.33,0.335217,0.667917,0.132463,4128,42,20,8,4,6,35,118,350,599,317,161,190,212,217,214,249,302,475,381,118,50,26,21,13
2012-12-21,1,1,12,0,5,1,2,0.326667,0.301767,0.556667,0.374383,3623,17,9,3,3,6,13,80,208,472,267,154,162,224,240,219,263,281,321,243,153,112,70,63,40
2012-12-22,1,1,12,0,6,0,1,0.265833,0.236113,0.44125,0.407346,1749,31,35,23,7,5,5,13,20,29,90,118,159,146,158,161,153,147,114,82,60,61,53,39,40
2012-12-23,1,1,12,0,0,0,1,0.245833,0.259471,0.515417,0.133083,1787,27,20,18,9,4,6,9,19,48,56,93,152,196,186,175,137,190,114,93,58,52,42,58,25
2012-12-24,1,1,12,0,1,1,2,0.231304,0.2589,0.791304,0.0772304,920,12,11,5,3,0,9,17,30,66,85,103,124,135,70,46,33,33,26,26,18,23,22,12,11
2012-12-25,1,1,12,1,2,0,2,0.291304,0.294465,0.734783,0.168726,1013,13,13,7,0,1,3,7,6,11,28,32,86,114,121,126,107,86,50,43,36,40,34,19,30
2012-12-26,1,1,12,0,3,1,3,0.243333,0.220333,0.823333,0.316546,441,9,7,1,2,2,11,36,26,31,23,8,10,10,15,20,13,13,53,43,35,32,20,11,10
2012-12-27,1,1,12,0,4,1,2,0.254167,0.226642,0.652917,0.350133,2114,3,5,2,1,3,11,45,90,208,133,75,103,109,118,119,120,174,257,197,117,91,63,44,26
2012-12-28,1,1,12,0,5,1,2,0.253333,0.255046,0.59,0.155471,3095,25,9,5,2,4,15,51,112,239,191,162,178,222,222,261,225,250,271,213,128,97,92,62,59
2012-12-29,1,1,12,0,6,0,2,0.253333,0.2424,0.752917,0.124383,1341,26,37,19,6,3,3,7,18,44,49,41,45,48,84,98,129,147,118,110,97,66,60,54,32
2012-12-30,1,1,12,0,0,0,1,0.255833,0.2317,0.483333,0.350754,1796,41,28,19,15,7,2,8,13,33,74,122,136,144,169,160,138,133,123,125,102,72,47,36,49
2012-12-31,1,1,12,0,1,1,2,0.215833,0.223487,0.5775,0.154846,2729,34,19,11,1,3,9,40,85,196,157,120,157,224,203,247,315,214,164,122,119,89,90,61,49
